{
    "hosts": {
        "h1": {"ip": "10.0.1.1/24", "mac": "08:00:00:00:01:11",
               "commands":["route add default gw 10.0.1.10 dev eth0",
                           "arp -i eth0 -s 10.0.1.10 08:00:00:00:01:00"]},
        "h2": {"ip": "10.0.2.2/24", "mac": "08:00:00:00:02:22",
               "commands":["route add default gw 10.0.2.20 dev eth0",
                           "arp -i eth0 -s 10.0.2.20 08:00:00:00:02:00"]}
    },
    "switches": {
        "s1": { },
        "s2": {  }
    },
    "links": [
        ["h1", "s1-p1"], ["s1-p2", "s2-p2"], ["h2", "s2-p1"]
    ]
}
