Source,Destination,Size,Arrival Time,Flow ID,Packets,Duration(sec),Arrival Time/1.8
86.96.3.133,211.173.156.12,442,0.0,0,437,7.8850571409994155,0.0
14.58.11.105,51.201.39.19,426,0.5061125677007233,1,443,3.42927911122628,0.28117364872262407
116.184.240.193,133.133.158.183,385,1.2396627996100222,2,402,17.83802515077193,0.6887015553389012
132.19.46.48,105.10.47.234,738,1.7234809882919047,3,279,0.47722396710175097,0.957489437939947
31.129.160.190,164.145.72.164,1210,1.9724062442151433,4,444,19.770165434241335,1.0957812467861907
135.133.94.42,91.96.133.136,697,2.9607342714031764,5,443,0.9589354581434711,1.6448523730017646
10.253.154.229,116.147.59.24,705,3.00298512714868,6,40,5.681082955677441,1.6683250706381554
110.252.152.157,90.218.106.55,800,3.0769053513851317,7,415,12.350458854076273,1.7093918618806287
146.13.135.109,132.173.51.121,716,3.936244435939619,8,229,20.76802865902481,2.186802464410899
195.14.160.190,146.48.236.59,1218,3.9547417477417275,9,38,1.3939934819262325,2.197078748745404
67.231.187.19,37.124.33.98,446,4.052356586820279,10,201,13.931643920848039,2.251309214900155
23.72.30.225,197.204.33.80,767,4.174563650193786,11,425,13.583216926096657,2.3192020278854364
57.10.63.225,88.66.234.45,1250,4.282282925936993,12,60,6.6613859187029245,2.3790460699649962
76.72.17.73,82.103.94.143,1326,4.657631609770678,13,305,16.590172805532298,2.5875731165392652
185.16.203.82,24.34.159.241,1044,5.3890251509063445,14,36,10.42637749473968,2.993902861614636
57.170.129.12,131.156.190.97,1453,5.595681906714044,15,387,3.303081252712013,3.108712170396691
169.70.84.96,29.122.62.239,704,5.736574090478192,16,177,5.619547267444905,3.1869856058212176
93.103.72.65,14.245.51.111,654,6.1931399729618875,17,326,6.947235842155365,3.44063331831216
151.50.250.221,34.67.225.48,546,7.108509497748054,18,311,4.625682303916459,3.949171943193363
66.158.160.149,196.101.46.186,538,7.430291616534397,19,181,19.062824152525437,4.127939786963554
143.35.184.125,153.160.63.66,1474,7.6296250923197615,20,26,20.353468033114286,4.238680606844312
5.42.87.68,210.40.182.18,589,8.177096823645638,21,99,18.036937104336086,4.542831568692021
91.20.25.62,121.106.164.127,1390,8.549169060434103,22,395,0.29085822521043536,4.749538366907835
109.191.22.88,174.225.251.236,850,8.777331009393974,23,24,14.561475253945998,4.876295005218874
190.136.222.127,175.46.114.1,842,8.985264470836519,24,180,7.023046815037756,4.9918135949091775
11.46.118.129,195.168.209.166,882,9.385286651889817,25,362,10.640498436458719,5.214048139938788
114.245.103.190,13.175.20.142,366,10.239526921596944,26,332,7.723783851233021,5.688626067553858
131.27.193.16,119.183.237.34,62,11.02584824245155,27,473,4.808007323842581,6.125471245806416
99.238.172.93,140.159.20.75,1411,11.433003487668833,28,81,20.779569926244925,6.351668604260462
177.172.25.77,102.6.107.84,671,11.89887815098297,29,449,17.20888812203129,6.610487861657205
201.218.137.101,77.61.89.102,1334,12.297183241987073,30,164,13.319185411665064,6.831768467770596
152.248.218.243,18.183.237.254,1184,12.432279770119157,31,270,17.62423169576014,6.906822094510643
164.114.247.67,165.69.66.98,80,13.423312119299737,32,468,18.993513906957283,7.457395621833188
28.251.229.22,3.101.75.190,159,13.913612126646568,33,96,20.38746958292552,7.729784514803648
193.60.177.64,213.15.185.182,882,14.190897384623916,34,212,6.4102939736446825,7.88383188034662
167.24.215.30,170.141.137.160,969,14.548846519399438,35,204,16.99566111781722,8.082692510777466
66.191.199.82,104.105.48.16,668,14.995483645576705,36,16,3.7194563520201256,8.330824247542614
59.205.232.225,96.38.156.46,886,15.642949124963675,37,297,5.094391049464932,8.690527291646486
97.69.32.4,171.125.7.63,808,16.151585026046796,38,455,19.869419412616754,8.97310279224822
11.92.64.131,107.67.83.22,91,16.79640795058521,39,34,7.8709383753932585,9.331337750325115
56.187.8.98,83.183.150.173,1145,17.351097077952737,40,94,4.009818833319294,9.63949837664041
9.160.213.37,193.124.249.99,1256,18.248248687543487,41,240,16.60438716888048,10.13791593752416
129.33.78.164,129.118.77.90,1071,18.48008686630992,42,262,9.579156050892614,10.266714925727735
60.162.85.252,7.239.193.54,1100,19.23861047207136,43,318,0.03429115686089701,10.688116928928533
131.48.73.214,89.199.156.23,1269,19.992026059946873,44,346,12.33366867727823,11.10668114441493
92.71.88.29,178.248.188.61,1419,20.158568618843262,45,418,2.4234404231253333,11.199204788246256
171.6.26.32,51.74.195.236,1401,20.20827831144911,46,309,13.857374802408762,11.226821284138394
87.19.169.205,18.231.219.183,709,21.006999459031864,47,414,16.01224534838268,11.670555255017701
192.215.192.92,129.230.58.32,1438,21.031332267290193,48,324,7.385349328517878,11.684073481827884
139.92.205.54,179.177.94.94,1075,21.239834157809554,49,327,0.06721648064130692,11.799907865449752
69.51.28.228,51.34.3.68,331,21.506171637762094,50,137,9.870429585136744,11.947873132090052
187.67.236.51,175.56.13.149,803,21.685779811921467,51,320,6.946651281064104,12.047655451067481
66.78.126.14,119.116.191.122,539,22.60590666216196,52,135,6.637994714220258,12.558837034534422
136.2.221.95,57.70.248.194,1036,22.98528093006306,53,177,4.8573214361505626,12.769600516701699
117.2.106.48,100.217.156.56,1256,23.061509515310167,54,138,1.485653850858558,12.81194973072787
60.157.230.56,14.205.253.226,478,23.467311810825407,55,222,4.69339377327491,13.03739545045856
200.4.175.232,99.171.164.49,889,23.714787925410366,56,355,1.1392189830168853,13.174882180783536
52.120.160.189,187.155.154.12,261,23.88381594133784,57,329,19.626323873042868,13.268786634076577
132.21.7.183,91.156.9.40,770,24.113477275463566,58,426,4.948904361643477,13.396376264146426
31.164.93.145,76.134.142.81,92,24.29737079950836,59,148,11.003069882035232,13.4985393330602
154.151.239.180,8.184.237.76,1048,24.979175300595656,60,56,7.279224885245371,13.877319611442031
93.151.229.1,193.250.147.28,833,25.036953584177912,61,383,5.11582686969778,13.909418657876618
198.235.33.182,165.164.250.204,1259,25.678106515365386,62,317,17.706313563974554,14.265614730758546
19.221.157.96,205.147.75.123,788,26.44693605386607,63,104,2.666787764920864,14.692742252147816
164.201.65.48,151.32.212.148,1128,27.030906142440344,64,28,14.57386087311692,15.017170079133525
78.241.178.119,173.224.191.190,163,27.324033423021646,65,162,4.099228801277073,15.180018568345359
49.130.230.171,115.193.230.171,524,27.836000452737828,66,308,8.181057191261324,15.46444469596546
18.127.234.146,133.143.207.76,1485,28.29846386610109,67,452,6.130881439686283,15.721368814500606
5.235.126.100,83.122.111.209,1259,28.859019273298536,68,287,15.602800174059706,16.032788485165852
198.82.192.54,180.162.192.152,767,29.0362877767111,69,177,8.675220795381028,16.131270987061722
128.9.105.130,137.107.160.254,995,29.959962300898212,70,305,14.563331976788206,16.644423500499006
130.173.61.25,30.208.115.182,390,29.99385663833734,71,125,18.797272523157552,16.663253687965188
113.111.175.42,86.213.150.119,1308,30.093638776496235,72,180,1.5741397948628928,16.718688209164576
93.155.33.88,215.162.173.193,195,30.302288594125613,73,193,7.922570389155566,16.83460477451423
203.7.143.25,208.8.181.176,1173,30.38097401617974,74,291,1.8232715787378222,16.878318897877634
146.67.245.198,78.118.0.79,243,30.54793405335453,75,83,1.50035519273591,16.97107447408585
37.178.89.116,3.44.57.7,1216,30.585598274876922,76,243,15.869725323782882,16.99199904159829
33.246.38.25,126.196.227.130,1399,30.970473137546655,77,458,9.653904001381445,17.20581840974814
124.167.252.190,73.12.209.224,646,31.377855108173303,78,418,12.594014894654286,17.432141726762946
83.244.118.24,99.246.167.124,1309,31.43827752028086,79,185,11.500215096737355,17.465709733489366
19.143.17.129,203.2.209.199,363,32.04812762519252,80,158,17.778028412358633,17.80451534732918
89.119.98.31,90.253.145.53,968,32.26962371432848,81,89,19.722728520356124,17.92756873018249
200.240.239.44,31.138.130.244,381,33.1130400613915,82,376,0.783231114472364,18.396133367439724
209.39.179.203,178.89.107.13,567,34.02853050780143,83,192,19.39239334088176,18.90473917100079
15.107.26.162,187.251.18.25,476,34.069474038738875,84,433,10.810634431534234,18.927485577077153
109.14.105.157,51.203.0.185,1212,34.4685881330071,85,318,15.595067600539371,19.14921562944839
52.108.192.251,78.142.21.203,1197,35.18822896974498,86,427,14.097967076771685,19.549016094302768
192.172.167.124,208.217.196.81,1172,35.82472420519923,87,31,11.77413018923289,19.902624558444018
84.45.133.254,62.136.176.84,1157,36.4029407911627,88,211,12.389943984771211,20.22385599509039
182.151.112.39,207.134.193.252,471,36.941974954773215,89,392,11.282701318952311,20.52331941931845
29.183.31.220,179.76.50.187,1229,36.99646271238409,90,251,5.408682373551353,20.553590395768936
57.17.168.105,106.211.206.79,1306,37.40134834474353,91,39,8.69656180586549,20.77852685819085
31.10.68.1,156.60.83.137,985,38.11808656772984,92,234,2.547309608715244,21.17671475984991
87.193.3.245,176.253.187.125,313,38.14242256908213,93,108,19.383791626738006,21.190234760601182
47.28.31.186,56.54.19.142,1487,38.77490217804221,94,26,7.595983158752039,21.54161232113456
176.228.176.219,170.55.9.94,707,39.617710100821164,95,468,20.24054725366713,22.009838944900647
154.28.216.141,82.164.35.77,653,39.750279993446334,96,41,16.848865561583874,22.083488885247963
76.145.246.11,27.188.30.183,309,40.04726457333565,97,353,4.2027662269414625,22.248480318519807
178.73.190.121,7.89.130.0,1126,40.554558205205396,98,372,15.48663362817455,22.530310114002997
131.193.221.5,35.67.247.65,223,40.81355289727905,99,336,11.556680365611044,22.674196054043918
154.167.164.108,65.38.59.229,619,41.677476793646015,100,197,19.10012732043611,23.154153774247785
122.6.76.52,194.126.109.173,1296,42.67631588713111,101,221,17.54435251486493,23.709064381739505
94.6.186.244,158.168.199.53,623,43.27809685823277,102,430,0.915279845760373,24.04338714346265
111.225.224.0,84.244.162.98,1472,43.60978834954869,103,458,20.312551033811804,24.227660194193714
124.167.77.214,94.150.21.242,681,44.14396639585485,104,326,6.445875538141593,24.524425775474914
55.205.115.238,94.92.161.119,133,44.6737283512095,105,492,10.629583620214419,24.818737972894166
159.29.176.247,41.87.122.97,905,45.14921775145767,106,149,14.772135503269455,25.082898750809814
3.139.159.181,128.0.0.188,1336,45.15499535487399,107,57,13.981575291474929,25.08610853048555
27.181.235.101,193.249.127.248,1334,45.55659201235115,108,299,20.69050961168862,25.30921778463953
170.130.171.154,192.179.163.63,469,45.776281155454164,109,130,9.375847612088654,25.431267308585646
12.60.151.105,149.140.97.137,502,46.430093870087354,110,472,18.544896932703075,25.794496594492973
48.62.72.71,106.151.9.109,704,46.615811976861615,111,177,20.88622197954027,25.897673320478674
83.188.142.117,51.235.199.200,868,46.93999403953955,112,406,7.809424751382533,26.077774466410858
69.156.73.243,80.233.78.167,1125,47.90921525845294,113,367,9.976394408260306,26.61623069914052
74.29.215.100,84.172.169.73,432,48.17918971043289,114,316,7.975157425494643,26.76621650579605
162.152.194.102,193.209.244.58,108,49.015831892120005,115,59,6.912520472697391,27.231017717844445
71.239.192.18,88.7.210.87,1472,49.930950520153665,116,200,4.302454347198113,27.739416955640923
42.184.238.52,122.68.8.216,1033,50.35429834817122,117,435,16.519936221696366,27.974610193428454
94.45.108.141,71.30.76.94,315,51.00720654408462,118,177,1.2533495508750272,28.337336968935897
182.143.23.139,74.86.9.20,1409,51.89478198364316,119,280,3.35586202898193,28.83043443535731
194.166.215.171,186.17.248.88,1254,52.58127888425398,120,332,12.575264111928421,29.211821602363322
162.232.136.177,192.244.7.17,343,52.902647725208105,121,249,0.3801823941828463,29.390359847337834
65.214.205.91,187.98.93.168,213,53.1053138838292,122,77,11.925948456341878,29.502952157682888
10.238.52.95,74.84.8.195,389,53.671254028391225,123,242,7.677788167284873,29.817363349106234
11.231.154.161,126.188.200.194,485,54.230797282456926,124,153,2.370416375999665,30.128220712476068
24.101.79.74,121.93.9.59,1422,54.9531039708601,125,180,2.0228414678449167,30.52950220603339
13.243.170.102,32.206.55.90,426,55.11665549406466,126,314,16.22255238091594,30.620364163369253
3.48.153.248,73.219.115.159,545,55.81536621617745,127,339,14.35930337373973,31.00853678676525
210.233.145.84,209.169.39.60,1024,56.1453930568252,128,30,2.2140376177922296,31.191885031569555
104.171.190.138,216.176.194.173,998,57.02501040876503,129,364,10.323880549021462,31.680561338202793
212.73.245.132,112.207.99.129,893,57.44885492218257,130,469,1.1412260625625983,31.916030512323648
141.29.36.124,122.5.2.192,546,57.59329439155388,131,306,2.6716408600853727,31.99627466197438
213.38.34.219,71.95.160.106,1108,58.165074156761996,132,491,3.294740027860379,32.31393008709
64.163.229.196,211.153.114.238,172,58.688034977553826,133,454,17.41714131697594,32.60446387641879
8.206.226.53,24.69.247.138,1311,59.35670314769859,134,465,15.601726576972423,32.97594619316588
122.98.77.40,176.14.210.103,748,59.895991533592905,135,388,5.38980244436599,33.27555085199606
12.4.221.187,45.15.102.156,657,60.64146535281708,136,462,20.645382803060127,33.68970297378726
103.92.206.100,53.182.226.147,998,61.33650864899615,137,290,7.155846047271939,34.07583813833119
197.213.35.142,47.140.225.154,1266,61.645559436117225,138,478,15.367568119587716,34.24753302006513
156.65.108.1,104.249.251.102,464,62.40737988876929,139,392,9.679317653758076,34.67076660487183
155.90.226.96,65.254.1.115,198,62.88893493172047,140,47,1.8071737971243833,34.93829718428915
83.169.65.182,44.113.54.62,1033,63.80289958019855,141,183,2.4011666847495015,35.446055322332526
119.249.108.225,105.242.131.119,155,64.20435273922455,142,367,17.555568481806013,35.669084855124744
175.252.34.111,41.227.1.63,903,64.99011363455097,143,189,0.9212582054357867,36.10561868586165
182.81.78.51,35.85.243.241,682,65.19082789117198,144,377,10.189829109476888,36.217126606206655
134.9.192.159,112.92.91.204,824,65.4535785338417,145,155,3.904680958072955,36.36309918546761
208.193.16.128,116.120.216.41,127,66.44175350223848,146,442,11.89752178000387,36.912085279021376
65.51.24.22,192.161.70.40,1145,67.06718505456898,147,54,6.202035480030206,37.25954725253832
58.184.30.161,176.92.200.245,769,67.867271968625,148,27,16.724673133430787,37.70403998256945
171.2.86.180,194.98.124.63,1433,68.59122445183152,149,141,7.20972455699768,38.10623580657307
6.215.72.130,178.61.217.154,972,68.7593407156948,150,448,3.964887091721296,38.19963373094156
196.27.181.130,90.199.49.123,287,68.79118316469385,151,120,19.590495595585246,38.21732398038547
125.86.165.175,163.63.240.107,401,69.14197664955725,152,392,19.125737757627803,38.41220924975403
34.39.67.185,53.59.223.188,1379,69.90508797130126,153,23,8.21641705588361,38.83615998405625
12.114.41.235,191.18.111.216,1228,70.2957710183325,154,136,7.421405112174886,39.05320612129584
107.199.47.159,5.183.235.50,1266,70.46385519119688,155,483,11.916287074448405,39.1465862173316
6.207.199.177,116.27.52.86,616,71.1613452189063,156,109,20.147139936874726,39.53408067717017
48.247.224.72,210.51.129.202,806,71.94936752561591,157,76,14.60111230150664,39.9718708475644
104.127.191.155,193.96.53.151,842,72.01492950920124,158,314,4.458212925495106,40.008294171778466
94.35.231.106,147.87.138.158,92,72.52241240624225,159,419,8.672638014086143,40.29022911457903
99.243.15.131,25.159.236.49,1357,73.0203883922542,160,109,9.883884048852195,40.56688244014122
15.184.23.56,37.182.36.148,683,73.82612124388577,161,136,6.07353651358884,41.01451180215876
69.113.94.184,154.25.133.67,1007,74.39632125152558,162,291,10.444117329027723,41.33128958418087
143.198.152.141,200.193.91.34,109,75.2826209460849,163,286,13.998040676728687,41.823678303380504
89.78.92.79,3.147.76.40,464,75.91938276234809,164,172,20.40459764040006,42.177434867971165
131.55.67.2,145.11.194.232,1092,76.03545252233062,165,173,19.596842346351107,42.24191806796145
26.98.192.209,159.125.167.180,402,76.92385092851382,166,267,3.4323379683552817,42.73547273806323
95.58.15.87,146.207.126.127,1487,77.82176566325153,167,376,19.480991050715797,43.23431425736196
200.83.34.239,186.138.139.63,491,78.7367604879622,168,497,17.286304501179828,43.74264471553455
215.248.84.228,120.249.225.212,764,79.11212217371452,169,34,20.031577023396117,43.95117898539696
25.220.46.102,29.160.58.120,876,79.78935122298913,170,35,13.554080296107815,44.32741734610507
78.191.119.125,167.45.243.32,162,80.72931648623454,171,100,12.45249840102794,44.849620270130295
138.0.120.105,65.220.137.180,697,81.36571534989541,172,146,0.776786904524173,45.20317519438634
164.254.174.3,26.51.64.57,602,81.79414047028199,173,470,8.51560235065005,45.44118915015666
89.232.173.99,204.158.238.65,220,82.39931097386112,174,107,19.35319507326862,45.7773949854784
95.236.3.35,143.137.229.160,1210,82.86342930093342,175,397,15.584488091235787,46.03523850051857
76.146.2.181,144.111.233.170,1055,83.5893725291013,176,409,6.356748158254361,46.43854029394517
36.115.48.52,210.73.44.251,955,83.68448888542228,177,428,11.095254784740659,46.49138271412349
216.148.148.79,107.77.180.23,463,83.70066032414366,178,18,3.2834040838927647,46.50036684674647
90.233.34.11,38.239.23.198,381,84.34885513974461,179,419,20.65563035045679,46.8604750776359
75.85.68.227,110.22.225.1,1167,85.21944503356671,180,349,12.168468415252747,47.344136129759285
76.242.121.190,71.135.202.76,1394,85.9846083125658,181,99,2.7025757648349424,47.76922684031433
16.105.228.171,202.7.11.63,946,86.07331774880043,182,164,16.990968794455352,47.818509860444685
96.34.225.34,109.109.234.26,289,86.58487242184444,183,387,17.533885792215877,48.10270690102469
97.45.115.222,106.212.52.48,1146,86.68618939251506,184,325,5.325840134605356,48.15899410695281
160.61.190.75,149.248.83.107,70,87.41023347445464,185,423,4.21133079337026,48.56124081914147
11.6.56.148,158.217.235.55,881,87.77402640259696,186,36,16.050217981534573,48.76334800144275
140.239.199.51,143.251.227.207,1012,87.80166325612711,187,295,14.287914114722177,48.778701808959504
119.108.220.232,208.222.144.201,973,88.46982660950913,188,273,6.998509433863081,49.14990367194952
213.237.199.128,171.158.133.52,556,88.55651565105602,189,422,18.400004541616557,49.198064250586675
18.44.128.201,85.73.142.249,591,88.685377733988,190,37,11.254821841835795,49.26965429666
152.96.136.255,209.99.228.230,641,89.30990607120052,191,288,10.53533151018697,49.61661448400029
71.182.13.51,215.92.66.8,202,90.26206461391439,192,278,4.711827502382966,50.145591452174656
28.217.58.24,50.203.219.34,276,91.0165738883013,193,129,10.55375838286017,50.564763271278494
26.207.62.74,148.243.142.36,1358,91.90123989356948,194,214,7.779020609882368,51.056244385316376
215.211.197.43,187.101.55.249,875,91.92554299614234,195,215,15.532459008062462,51.06974610896796
73.241.209.108,116.20.124.154,263,92.75252071930173,196,297,7.1964102773071845,51.529178177389845
120.212.43.197,73.5.165.30,801,92.75899513538737,197,221,20.481718810830976,51.5327750752152
29.48.238.234,146.93.209.223,430,92.89886951760323,198,285,12.38176808092881,51.610483065335124
30.194.233.131,59.232.89.191,1135,93.42640146044899,199,283,9.393891733049376,51.9035563669161
36.7.225.27,17.2.136.93,594,93.93604873720902,200,346,1.0333614729637242,52.1866937428939
164.68.61.193,106.241.42.198,145,94.55630116922691,201,204,20.997634278123968,52.53127842734828
19.70.109.8,28.192.40.18,690,94.73596985051246,202,469,19.6401436284698,52.63109436139581
78.189.124.167,56.58.125.186,1216,95.17796815929675,203,396,15.789373659497373,52.876648977387084
126.185.96.156,154.245.27.251,128,95.3209641511281,204,126,0.6983469185893469,52.95609119507116
176.140.209.218,83.195.97.63,546,95.82330654281822,205,334,9.11764021939518,53.235170301565674
95.50.147.237,102.204.56.43,1078,96.27017636936078,206,117,12.438843236699665,53.483431316311545
28.127.233.17,110.122.49.13,352,96.35100542655833,207,434,19.844489741351282,53.52833634808796
26.21.88.59,179.147.21.217,382,96.63472434124563,208,49,5.961118152341426,53.68595796735868
53.39.120.161,80.53.209.89,597,97.16229972124039,209,95,17.876122650723165,53.979055400689106
18.64.217.34,91.58.66.78,429,97.53089657540353,210,222,4.896341124284789,54.18383143077974
68.145.184.232,118.38.197.24,1241,98.19783544517809,211,230,18.67953397666297,54.55435302509893
129.101.92.248,160.154.135.217,895,98.50884920128193,212,28,4.590788468622437,54.727138445156626
35.108.129.181,60.210.161.94,432,98.70873463960098,213,161,2.8101984226096617,54.83818591088943
149.168.137.121,56.232.64.255,1045,99.06619157296987,214,500,10.679586506117765,55.03677309609437
81.11.193.207,48.91.133.70,1259,99.50871284395511,215,329,8.840902564216469,55.282618246641725
203.52.153.102,170.115.237.172,1211,100.03308465458467,216,399,17.819206712091848,55.5739359192137
152.25.230.45,112.220.35.48,421,100.38545041966897,217,487,7.506803061892925,55.76969467759387
101.219.115.161,94.235.45.217,579,100.96266224480796,218,37,13.502303769177287,56.090367913782195
109.24.241.18,193.196.191.183,1373,101.36693428587789,219,188,5.574810042273311,56.314963492154384
31.198.68.24,24.3.14.39,728,101.70123277472575,220,180,2.0255204407759066,56.500684874847636
109.91.231.156,200.158.61.144,595,101.7305007160409,221,265,6.870144546591192,56.51694484224494
166.235.88.172,96.182.85.17,1286,102.33773778594797,222,167,8.864995264395617,56.85429876997109
147.234.220.104,172.69.37.191,1274,102.40049506966028,223,143,9.35392157910149,56.889163927589045
4.110.62.220,88.187.19.182,612,102.86894603872959,224,401,17.509566771132427,57.14941446596088
63.133.20.224,142.182.153.106,1454,103.04322472588706,225,35,0.9146229342430161,57.24623595882614
92.167.117.175,73.127.223.225,789,103.7950259839702,226,296,13.208690352995713,57.66390332442789
84.163.9.165,79.107.9.110,1014,103.91513446166864,227,65,10.380994692805267,57.73063025648258
138.149.244.78,187.50.125.183,78,104.74761576676622,228,115,19.79033284849619,58.193119870425676
39.160.73.104,20.161.16.165,954,105.72111002000996,229,254,13.877368512238656,58.73395001111664
137.211.183.114,110.117.9.222,1059,106.34325978626846,230,475,1.9981286431087464,59.079588770149144
73.54.152.247,126.242.232.197,221,106.72478737936716,231,262,5.576079182854292,59.29154854409286
211.120.220.250,85.190.189.127,504,107.62961487646716,232,279,5.3941957930806375,59.794230486926196
207.57.22.47,206.85.233.51,124,107.75929501751718,233,499,7.3964014341742335,59.866275009731766
153.229.124.118,144.184.71.158,1322,108.2930675638941,234,320,19.05867397616704,60.1628153132745
126.201.119.73,144.194.253.4,497,108.71769837989534,235,69,1.746654151677122,60.39872132216408
4.10.245.36,86.78.17.189,741,109.26294586199987,236,306,0.00791087954125036,60.70163658999992
114.115.33.172,162.151.190.4,933,109.36621593408746,237,414,6.553308672182251,60.75900885227081
143.232.198.246,100.60.254.98,756,109.88295249721915,238,85,6.47608734229464,61.04608472067731
48.93.160.196,98.200.98.8,100,109.90991123096552,239,305,16.905238268690713,61.061061794980844
47.211.213.58,94.11.164.216,811,110.43388583827134,240,415,18.04148353838955,61.35215879903963
68.135.62.88,184.161.220.90,307,111.08518570816798,241,94,12.12611862750424,61.713992060093325
101.201.142.243,215.189.101.12,875,111.3029478271667,242,131,12.046193629829625,61.83497101509261
67.218.20.68,115.109.211.38,1311,112.05838910411862,243,454,0.14187724341527375,62.25466061339923
70.241.189.93,53.77.9.11,1278,112.90110163047456,244,51,5.616785568336843,62.72283423915253
197.11.91.33,131.62.84.56,422,113.68703454244721,245,228,5.669336128721903,63.15946363469289
80.150.138.135,29.52.43.131,60,113.89626994357192,246,242,0.050355120547111665,63.27570552420662
200.130.96.41,141.121.227.136,314,114.74669622196484,247,439,2.1509165974284454,63.748164567758245
50.16.44.100,202.125.176.223,1027,114.96698811793354,248,122,6.428929906415332,63.87054895440752
13.40.230.83,78.98.107.146,55,115.15273420582145,249,383,2.618815738296129,63.97374122545636
144.172.250.69,123.94.215.151,1014,115.87532214003619,250,304,8.038403208390331,64.37517896668678
196.223.93.198,102.7.40.159,1123,116.27338413954818,251,206,11.998332892271314,64.59632452197121
59.185.129.26,176.216.181.99,482,116.69118979419508,252,320,20.08728709180268,64.82843877455282
152.220.53.226,88.11.9.12,911,117.10527079238422,253,317,7.6033879568725276,65.05848377354678
64.168.130.212,100.89.85.118,1314,117.19134507437079,254,31,9.421928479013149,65.10630281909488
56.90.30.11,37.117.59.190,1215,118.0200469646673,255,476,18.01438716833198,65.5666927581485
51.176.96.18,61.4.126.46,522,118.95718215047691,256,490,8.897247733640906,66.08732341693161
49.54.183.56,41.127.79.202,1368,119.80026520197313,257,379,3.1266143684736516,66.55570288998507
137.242.246.252,58.158.162.246,1134,120.60045296666989,258,162,6.125034042910892,67.00025164814994
112.96.55.0,123.46.33.215,425,121.20196899682674,259,85,1.224607281306903,67.33442722045929
196.16.191.20,216.32.248.109,89,121.82378166222523,260,470,18.432440612997876,67.67987870123623
45.115.60.224,168.28.71.250,934,122.81522847730177,261,465,20.801418680568677,68.23068248738987
150.79.140.34,73.51.192.209,1413,123.56688209643443,262,88,4.8065746837766365,68.64826783135246
114.244.69.152,185.109.116.115,228,124.06224288203008,263,137,4.672652242649056,68.92346826779449
203.46.194.222,40.200.156.207,626,124.97685742591356,264,282,14.072368028722709,69.43158745884087
152.107.142.205,124.233.247.233,659,125.42773659095731,265,322,17.542070111965927,69.68207588386517
88.167.82.84,109.93.33.33,190,125.47077482066358,266,437,5.9280317319586615,69.70598601147977
22.21.101.223,87.74.62.144,942,126.41126764644648,267,24,6.136418321945126,70.2284820258036
162.40.90.114,172.253.57.235,676,127.36718397072197,268,312,16.96027086993495,70.75954665040109
44.32.183.237,144.239.57.144,1219,128.30168114746604,269,297,15.400852701811003,71.27871174859224
50.118.118.214,119.203.4.98,62,129.28742461281973,270,74,6.71625741362317,71.82634700712207
175.49.202.26,148.211.71.90,1186,129.66976065163655,271,51,20.580365606706266,72.03875591757586
212.117.17.220,74.29.93.146,435,130.63634846521092,272,374,18.946313798150175,72.5757491473394
132.94.114.152,156.60.221.169,711,131.56756930183593,273,90,20.080632066792276,73.09309405657551
140.156.185.237,211.34.229.17,1326,132.2331241854422,274,165,3.9900568531847336,73.4628467696901
22.69.48.72,130.189.159.243,924,132.51502891040337,275,209,16.629472523878377,73.61946050577966
51.1.206.24,56.8.242.136,673,133.38836470543814,276,250,7.625456115103664,74.10464705857675
110.250.249.95,3.163.150.227,190,133.61901473902248,277,399,4.49203377340646,74.2327859661236
116.147.132.135,62.224.44.31,885,134.07883872134266,278,296,13.950570430046424,74.48824373407926
199.248.0.214,88.25.5.168,534,134.81183614370454,279,376,19.29612467860497,74.8954645242803
29.221.28.54,17.222.49.216,1206,135.6127856820172,280,355,10.614291968914168,75.34043649000955
104.158.212.243,75.168.202.113,55,136.215084328209,281,324,3.469311936162156,75.675046849005
60.9.90.136,74.68.24.174,135,136.66590601350046,282,361,8.41204901351961,75.92550334083359
203.60.93.177,189.117.165.220,286,136.9643598365689,283,200,13.465889826767679,76.09131102031604
155.86.44.252,71.47.187.218,1337,137.2990623598384,284,314,2.3610957995768755,76.27725686657688
120.77.95.72,184.13.155.3,91,137.7006435464058,285,59,10.722405006976295,76.50035752578098
56.137.128.196,38.29.155.179,492,138.65038652871604,286,170,9.648565068995895,77.02799251595336
56.17.135.24,25.156.114.255,669,138.88610987115433,287,451,2.1076264788702783,77.15894992841908
62.242.157.235,176.213.57.100,691,139.28941530581733,288,312,11.90466961265167,77.38300850323185
137.249.33.240,68.43.229.84,766,139.34445135953055,289,435,0.6843470532867555,77.41358408862808
61.253.184.255,140.26.154.255,725,139.95106886235507,290,301,0.6125710122875508,77.75059381241948
168.158.186.139,149.154.191.33,835,140.3726979012797,291,158,12.159074864647806,77.98483216737762
21.146.114.30,111.108.210.55,1314,141.1297889189102,292,133,7.86387273432653,78.40543828828345
158.81.30.118,162.1.106.127,845,142.07081727497007,293,434,5.512952414833702,78.92823181942781
156.13.177.184,136.97.125.162,317,142.89003038299305,294,333,7.803463994805469,79.38335021277392
157.187.33.254,172.63.27.91,1109,143.2866414102683,295,201,17.349261472432197,79.60368967237127
38.167.80.157,28.31.224.138,1409,143.52838393560208,296,381,12.940133339088199,79.73799107533449
74.203.231.81,126.17.65.104,582,144.04030165395466,297,190,1.8657086349063348,80.02238980775259
51.197.51.233,36.190.221.184,1437,144.95028195127998,298,251,19.526670049707974,80.52793441737776
77.93.32.188,100.71.32.144,1220,145.38688862981587,299,257,20.203192740046777,80.77049368323104
31.62.6.87,71.83.120.253,233,145.6864342301643,300,473,14.510523427098041,80.93690790564683
107.118.36.5,23.132.251.171,1058,146.325682094439,301,135,7.4163367975899845,81.29204560802167
50.238.250.7,74.189.108.206,451,146.76642640269915,302,47,5.623595314674677,81.53690355705508
3.127.75.25,111.201.66.229,1061,147.60239072478277,303,121,10.871249640356417,82.00132818043487
54.98.123.142,140.48.36.44,1179,147.95734143392622,304,68,0.17696198285399733,82.1985230188479
46.26.121.26,184.133.80.244,777,148.12481249826413,305,138,16.176704530971687,82.29156249903563
142.152.249.248,51.135.255.0,392,148.68867989834877,306,467,10.619237181355489,82.60482216574931
147.252.20.54,134.49.28.205,835,148.84153764984165,307,108,4.205802648926115,82.68974313880092
54.36.63.19,126.137.216.220,378,149.3314372667928,308,207,4.50036753858347,82.96190959266266
107.206.155.95,19.184.240.2,307,149.34772941163618,309,116,1.3175733822552562,82.97096078424232
128.133.211.198,25.100.195.13,209,149.64980076169064,310,335,6.607853445064531,83.13877820093924
163.214.16.165,94.112.119.34,593,150.15468389179105,311,35,15.529133912540757,83.4192688287728
66.135.214.125,173.112.78.214,706,150.96247392707116,312,84,0.06177178197358846,83.86804107059508
134.4.215.133,5.110.1.140,328,151.4291612140041,313,448,12.310363009006112,84.12731178555784
89.155.82.209,118.251.248.28,273,151.90566049508945,314,334,19.416657206182546,84.39203360838303
214.92.2.244,134.95.45.213,1177,152.53353060710168,315,210,10.43199329288462,84.74085033727872
181.99.115.171,132.233.188.115,227,153.2591278028241,316,179,2.665667737801285,85.14395989045784
144.108.148.137,108.40.243.209,1269,154.19557575249857,317,472,12.497710901520355,85.66420875138809
40.45.115.190,71.45.129.237,1426,154.80431379793794,318,67,14.974690284522405,86.00239655440997
197.51.109.120,40.226.102.49,674,154.98183388662937,319,263,3.5773315192310724,86.1010188259052
60.253.131.111,35.160.30.20,524,155.3755587981259,320,170,11.476671213564597,86.31975488784772
125.197.232.144,48.112.102.118,1466,155.78692804652894,321,66,2.289733063818457,86.54829335918275
16.42.137.250,96.18.222.127,54,156.72593469395653,322,152,20.943883111428026,87.06996371886474
64.109.220.27,27.105.115.107,671,157.09247164194508,323,333,12.649080825474886,87.27359535663615
11.13.80.52,181.38.160.23,477,158.08153412856672,324,459,13.848960637576598,87.8230745158704
22.118.39.18,179.143.48.152,745,158.63326312155178,325,22,19.4051297638784,88.12959062308433
98.61.21.66,208.95.160.156,1446,158.73077226841704,326,438,5.628461241947405,88.1837623713428
101.145.204.178,146.182.136.119,1450,159.18485282577512,327,493,18.538904798684896,88.43602934765285
144.221.160.238,155.116.145.34,1424,159.69313961890444,328,115,13.259037960171415,88.71841089939136
94.227.121.228,134.143.151.175,1425,160.36663007027042,329,262,11.731170936798998,89.09257226126134
15.47.196.89,187.113.17.170,522,160.4187990161438,330,428,2.0082559547547563,89.12155500896877
50.95.143.153,110.133.177.39,915,160.98398630433636,331,176,17.044430570897187,89.43554794685353
97.235.114.3,55.96.110.42,1428,161.21977880987575,332,15,8.403880436758293,89.56654378326431
51.31.32.7,203.8.184.195,1333,162.09173391526375,333,343,14.909928747595913,90.05096328625764
173.50.182.64,138.241.41.78,118,162.64827991044282,334,186,11.86425912145495,90.36015550580157
42.220.14.55,193.30.213.180,275,162.85353442762832,335,486,1.3601317231804553,90.47418579312684
125.113.185.175,89.184.180.113,651,163.7232708961208,336,16,12.63122483344293,90.95737272006711
73.173.73.233,138.146.10.86,996,163.98386673882837,337,236,15.04885884583333,91.10214818823798
19.162.51.127,25.22.132.55,1358,164.45446716990924,338,77,5.902816402890563,91.3635928721718
114.206.184.1,209.50.21.203,1486,164.9837485983037,339,253,16.394834870857913,91.65763811016872
163.91.6.7,19.62.96.16,117,165.2830422724803,340,417,14.58169944896442,91.82391237360015
157.6.56.30,145.132.216.80,634,165.3211438962644,341,218,8.494041560096115,91.84507994236911
88.9.50.251,204.114.215.64,689,165.33667811823335,342,76,15.187244511506966,91.85371006568519
67.50.183.191,121.173.131.209,1357,166.0186062337862,343,476,0.6899179894668697,92.2325590187701
151.177.83.165,65.118.191.56,56,166.4119904091239,344,99,7.373944401024097,92.4511057828466
93.170.147.232,148.12.109.218,600,167.34600324681955,345,71,9.273782587923339,92.97000180378863
191.217.65.42,154.206.17.42,568,168.11284030098798,346,331,2.092600464167228,93.39602238943776
176.115.181.193,29.163.246.20,1179,168.48894353885268,347,211,7.973141821884019,93.60496863269593
154.117.30.150,159.172.203.225,1010,168.8984272145618,348,385,16.422199243042648,93.83245956364544
169.60.74.159,151.171.117.72,871,169.12617852172457,349,298,0.9676967846250266,93.95898806762476
70.64.145.87,176.230.205.232,1359,170.00178566755582,350,227,16.308323976965077,94.44543648197545
210.209.11.34,13.250.208.68,540,170.1290509731557,351,356,12.229098876385603,94.51613942953094
150.127.185.133,189.111.178.235,384,170.31715600569103,352,272,19.62990867577522,94.6206422253839
52.152.83.253,65.91.101.50,773,170.99807612989383,353,85,8.678785559527196,94.99893118327435
104.217.188.103,204.145.241.62,132,171.31619401343033,354,113,18.976197574539828,95.17566334079463
135.13.137.111,23.220.50.253,1250,171.70291731656178,355,77,13.753229464343937,95.3905096203121
105.176.30.77,188.109.29.9,1279,171.78351875401404,356,301,13.228751866791809,95.43528819667446
179.12.187.131,117.98.122.3,886,172.28194205342007,357,335,14.935958930764135,95.71219002967781
198.134.207.155,177.22.95.183,320,172.7653798380099,358,125,8.808866841306882,95.98076657667217
180.213.178.53,59.246.216.190,982,173.10018092268308,359,73,5.389629904495361,96.16676717926838
11.60.144.60,67.201.205.137,227,173.91638379391853,360,402,15.293335842185051,96.62021321884362
35.93.213.196,11.173.16.18,811,174.52779012287766,361,145,10.465540491970938,96.9598834015987
31.44.144.38,151.122.158.8,1226,175.22392152027555,362,26,15.421224624492359,97.34662306681975
63.206.104.137,215.13.69.64,200,175.36634973681996,363,99,4.614642198911925,97.42574985378886
134.160.254.190,28.152.245.156,586,175.7413735514299,364,258,20.180184283415336,97.63409641746105
15.205.238.8,45.11.65.145,674,176.05550920608448,365,417,5.278690029932966,97.80861622560249
106.0.79.63,122.250.57.87,515,176.2874794968625,366,262,4.089681469278638,97.93748860936805
194.14.194.26,163.149.137.152,991,176.55301414084113,367,434,4.647904217619592,98.08500785602284
121.81.158.198,110.126.37.247,309,176.64274393516578,368,99,2.363353262767578,98.13485774175876
101.143.148.247,55.157.58.135,581,176.80196102416716,369,460,20.85113873335977,98.22331168009286
12.55.33.166,212.170.243.176,1465,177.5407683063602,370,326,13.727997257833087,98.6337601702001
146.149.16.39,82.225.117.207,1438,178.05516012745142,371,182,20.777434106946593,98.91953340413967
91.109.137.246,128.168.232.24,1255,178.47989513646536,372,239,18.335946550185707,99.15549729803631
37.235.0.21,7.19.144.242,352,178.97773744629015,373,268,6.512454392215996,99.43207635905009
107.223.245.36,98.185.220.195,310,179.32526774257298,374,67,0.4379411787816242,99.62514874587387
174.81.129.47,96.115.175.119,1027,179.94878356040613,375,253,8.481590830164683,99.97154642244784
91.221.5.135,64.100.110.48,466,180.86738431207814,376,404,13.348886632181657,100.48188017337674
193.124.211.226,196.17.12.39,944,181.21712548611953,377,108,2.7111155211848494,100.67618082562196
39.101.169.7,68.209.28.1,1364,181.37005085821662,378,321,14.751389155576906,100.76113936567589
178.175.242.185,57.26.33.164,1025,182.21238938943281,379,451,8.049688844010639,101.22910521635156
197.183.86.174,183.228.136.212,775,182.86117098682286,380,271,0.13663968885745792,101.5895394371238
36.9.23.64,133.68.88.59,1122,182.88311223498698,381,98,9.459525815120463,101.60172901943722
136.204.121.147,21.248.165.88,320,183.0847973967551,382,366,8.562079311564888,101.71377633153061
182.81.69.36,189.238.120.198,729,183.89245873903005,383,302,13.210825446578315,102.16247707723892
193.248.63.42,165.125.156.12,658,184.7179963005735,384,306,0.28350101494665936,102.62110905587417
164.250.38.194,118.216.52.148,75,184.9337665570853,385,354,14.182075859320037,102.74098142060295
178.254.60.100,215.31.130.156,159,185.09812048390654,386,63,1.5964840333623211,102.83228915772585
157.199.147.161,10.151.34.180,1187,186.00792265312805,387,365,18.211430020381435,103.33773480729336
185.82.212.211,26.160.251.255,415,186.3172157553584,388,456,2.3740920921771416,103.50956430853245
203.208.210.57,83.24.145.127,874,187.20419729185255,389,117,17.44697402938464,104.00233182880697
66.225.232.153,103.230.51.156,398,187.4026233821971,390,431,17.54975786950417,104.11256854566506
40.247.194.68,155.12.40.131,1440,188.17213819981362,391,41,9.8446940198179,104.54007677767423
150.153.6.22,48.51.99.17,1332,188.51154852307593,392,255,8.365897164201785,104.72863806837552
82.189.115.187,155.20.170.7,1072,189.21173444446964,393,419,2.4678461472523088,105.11763024692758
54.126.164.202,164.30.140.52,553,189.51738447757677,394,319,9.662833753056256,105.28743582087598
166.91.116.34,83.60.58.200,1227,189.82527098375922,395,311,16.886767887287228,105.45848387986624
10.201.111.139,140.39.129.18,490,190.53591115111402,396,477,17.997107532393308,105.85328397284113
34.129.136.80,4.109.10.217,124,191.03195277231518,397,175,20.274318667264843,106.12886265128621
17.158.17.151,27.204.215.158,481,191.77607409794933,398,64,19.145190638724742,106.54226338774963
123.146.191.136,186.203.139.139,1113,192.58130275989214,399,183,5.298946812044676,106.98961264438452
186.255.158.200,78.167.59.34,1040,193.39146842435937,400,330,5.934054138752672,107.43970468019965
75.249.59.66,26.1.146.31,541,193.64252049586335,401,163,20.899882210293637,107.57917805325741
165.158.191.151,202.161.129.206,1028,194.0805871344688,402,392,17.155383097291423,107.82254840803822
21.182.120.108,10.131.228.120,201,194.37054046368306,403,460,6.710211161762963,107.98363359093503
140.97.109.25,143.249.207.240,1174,195.35979116306623,404,147,16.436789685107804,108.53321731281457
198.171.60.114,99.96.58.200,1020,195.90309682391853,405,130,3.610239007699895,108.83505379106585
7.11.184.236,204.117.81.24,737,196.64962123218942,406,188,9.980676650895317,109.24978957343856
203.254.206.214,73.94.116.36,640,197.16947187055632,407,345,10.643410055083024,109.5385954836424
43.108.101.96,184.239.119.138,621,197.9506686482684,408,191,9.82962117790721,109.97259369348244
170.51.186.15,115.34.251.121,1076,198.25134427258362,409,460,4.631691858106703,110.1396357069909
156.68.98.40,113.255.127.166,788,198.84563814277436,410,286,5.298227582369208,110.46979896820798
115.56.192.231,114.19.107.132,1450,199.39855848888246,411,46,14.471569827166267,110.77697693826804
95.35.41.230,62.161.245.212,1475,200.30365375226,412,414,20.609789708749418,111.27980764014444
173.90.81.98,141.51.179.39,1376,200.68544189142088,413,301,2.0325337635397993,111.49191216190049
143.74.48.126,65.84.237.207,238,201.1227192945456,414,382,6.989531395463235,111.73484405252532
64.215.221.168,115.25.30.28,1216,201.91793010613063,415,340,0.5020822867556421,112.17662783673923
121.41.14.108,184.174.81.224,96,202.03962662206513,416,443,16.294514304439325,112.2442370122584
103.116.106.90,71.204.161.219,850,202.95435810719945,417,389,5.665256492713825,112.75242117066637
96.25.55.11,3.144.72.15,1195,203.56885942152687,418,300,8.900160443700008,113.09381078973715
148.141.129.192,11.110.189.115,1461,203.95522801268052,419,468,11.066539669169154,113.30846000704473
108.111.122.224,133.86.127.213,539,204.40427791592964,420,341,12.67756858422203,113.55793217551647
168.232.144.235,8.43.213.192,1100,205.34920682635695,421,44,5.073078951271758,114.08289268130942
13.170.5.56,128.166.253.58,1088,206.28938504208352,422,126,17.392028671414348,114.60521391226862
125.198.245.96,28.118.237.219,1010,206.57293456570207,423,256,0.010841907235243475,114.76274142539003
125.86.178.195,20.227.76.110,1252,206.78170272010198,424,120,11.618547327721096,114.87872373338999
168.194.86.52,215.48.205.199,350,207.57267633348945,425,332,16.580601547729575,115.31815351860524
100.125.166.130,165.59.224.90,897,207.60039463901862,426,433,19.142302347215907,115.33355257723257
201.42.19.50,180.4.238.42,240,208.5552373913844,427,489,0.5278257392866287,115.86402077299132
50.43.98.91,152.129.227.32,1164,209.33390595230182,428,435,17.26106132279402,116.29661441794545
201.197.48.6,53.240.223.143,777,209.7937784438771,429,168,3.9017184698358607,116.55209913548728
164.117.51.33,191.40.162.206,179,210.69559108226593,430,399,14.705258808269253,117.05310615681441
149.121.224.149,197.116.131.0,1370,211.2525475806628,431,394,0.5042603172838446,117.36252643370155
21.144.4.9,83.146.12.237,760,211.62269289037874,432,126,4.685565322933492,117.56816271687708
55.201.84.97,106.98.207.171,637,211.62567657830033,433,333,3.1033732233122913,117.56982032127796
212.113.109.171,216.253.52.251,510,211.70314620564244,434,63,10.494443051308522,117.61285900313469
130.253.121.160,96.20.64.238,324,211.8672000876216,435,465,18.305664819162306,117.70400004867867
118.68.211.245,184.105.139.226,1440,212.49546714897664,436,435,5.519831125121263,118.05303730498701
159.13.109.92,193.180.203.213,610,212.64523435913003,437,159,2.883358192486407,118.1362413106278
31.167.207.123,108.152.148.147,604,213.15754331082186,438,384,16.459466660761244,118.42085739490103
9.48.156.104,81.210.99.202,1335,214.0358040963489,439,256,7.85246346108517,118.90878005352717
107.104.158.115,77.116.242.106,738,214.5753459745699,440,366,20.905090814910036,119.20852554142772
192.48.37.34,89.160.47.80,180,215.38982600133713,441,372,4.828688705898557,119.66101444518729
108.172.109.12,21.104.191.179,1442,215.4316883631466,442,296,17.391492861056975,119.68427131285922
202.192.30.13,29.25.198.253,1102,215.82876264020607,443,74,12.544053866693675,119.9048681334478
96.68.157.83,27.15.133.138,829,216.12184136372304,444,52,4.932038890847539,120.06768964651279
195.35.151.5,69.250.181.42,433,216.96563360557735,445,255,2.8253242432404404,120.53646311420964
74.29.145.68,188.149.82.220,133,217.35609917345093,446,138,17.870478320196096,120.75338842969495
131.172.63.208,117.106.202.199,741,217.49093488256267,447,311,0.09074735921247223,120.82829715697926
108.252.123.40,68.191.246.253,1393,217.84257589215647,448,446,15.800988493753511,121.02365327342027
29.156.41.41,24.56.99.75,529,218.26316480751248,449,262,5.447626361819367,121.25731378195138
6.226.75.156,40.74.214.6,1347,218.5094738422769,450,176,3.444222350258644,121.39415213459827
93.186.207.87,133.180.240.154,434,218.53835138106834,451,205,7.264846479555676,121.41019521170463
38.16.204.28,186.106.59.140,105,218.59907410154017,452,340,1.4740778735578342,121.4439300564112
113.80.135.7,40.240.27.43,909,219.2308166206541,453,395,10.864489526067631,121.79489812258561
41.19.201.213,123.188.171.154,878,220.1699141754258,454,391,1.3448761466120005,122.31661898634766
85.217.39.36,137.99.137.248,1246,220.94894224008985,455,354,3.3607295978565936,122.74941235560547
124.104.178.92,81.167.24.1,99,221.31679378256362,456,392,5.776305922574103,122.95377432364646
114.164.41.118,76.248.4.211,1244,221.75198386611675,457,240,14.811426780067748,123.19554659228707
66.164.164.76,29.91.158.159,1166,222.60132021173266,458,181,0.9981045966075226,123.66740011762926
15.120.248.112,145.63.47.151,1239,223.44494789083177,459,182,1.542291783882083,124.1360821615732
141.187.169.161,76.36.85.128,974,223.78640319341346,460,210,3.995855916490885,124.32577955189636
71.20.41.7,186.61.176.43,769,223.9560043585774,461,26,4.707723948197779,124.42000242143187
86.251.205.192,68.16.68.113,944,224.75737193273184,462,55,12.025101370559668,124.86520662929547
212.98.139.150,60.187.168.215,771,225.72139491622792,463,18,9.332746909456148,125.40077495345996
206.114.48.2,95.205.170.215,549,225.86773153333252,464,34,16.71933452590897,125.48207307407361
146.57.35.20,5.196.109.91,1320,226.5811619822477,465,269,11.235884735172856,125.87842332347094
190.99.108.200,63.52.35.129,196,226.72628032056704,466,116,9.900084953241914,125.95904462253725
106.92.12.128,200.173.152.69,197,226.78450018548224,467,353,3.137641794964881,125.99138899193457
106.209.136.148,67.188.153.114,329,227.09437950794265,468,228,18.40966937343721,126.16354417107925
214.236.233.58,110.13.144.20,1127,227.92894832673372,469,187,10.457711833635294,126.62719351485207
205.142.113.66,17.93.216.51,868,228.36333916619023,470,146,20.476671022442495,126.86852175899458
80.141.31.9,27.92.217.116,649,228.4331734351331,471,479,1.8947708101601208,126.90731857507394
64.74.242.33,5.144.211.4,1311,228.91381184872213,472,280,18.839021316370353,127.17433991595674
139.74.85.126,58.153.212.244,600,229.84141098013754,473,36,4.277114975843518,127.68967276674307
92.233.78.216,84.195.12.249,415,229.98439494801053,474,258,5.203266116522913,127.7691083044503
100.72.134.47,67.181.175.211,1329,230.7917456696455,475,407,15.857927123107325,128.2176364831364
152.188.15.43,212.96.5.97,860,231.73445909532512,476,165,1.5247346293168087,128.74136616406952
82.243.161.253,206.63.188.183,998,232.68840788435963,477,74,7.798700472978641,129.27133771353311
80.5.182.236,190.166.173.189,240,233.17233391633815,478,131,8.606157138241294,129.54018550907674
112.200.54.13,81.106.81.98,300,233.38473738449196,479,292,11.4175055290499,129.65818743582886
214.55.151.245,152.140.22.212,483,233.8207091847012,480,120,11.902027866138276,129.90039399150066
166.237.9.166,5.138.193.206,878,234.5305370580528,481,483,15.255393156974446,130.29474281002933
129.231.235.251,195.199.27.169,700,234.8047520702061,482,259,13.543025045314229,130.44708448344784
77.28.24.77,182.198.250.182,201,234.9192099272644,483,39,10.970383542366832,130.51067218181356
11.10.151.203,107.231.151.176,658,235.04466631210138,484,455,15.610335373116992,130.58037017338967
105.187.239.181,154.46.59.126,676,235.26690763741027,485,254,17.342849919426364,130.70383757633903
173.196.45.55,166.117.102.106,66,235.5311797976534,486,284,3.965110061785122,130.85065544314077
215.71.186.128,14.222.19.44,1151,235.98329160818244,487,457,4.69731971123084,131.10182867121247
125.240.202.247,106.84.82.5,432,236.49030324755088,488,489,7.043754337245982,131.38350180419494
34.34.168.116,35.231.110.25,199,236.8573616407894,489,161,3.0545759264339525,131.5874231337719
83.91.153.7,53.41.31.133,1212,237.73595360887515,490,76,12.441208607411328,132.0755297827084
193.97.119.235,155.57.65.152,1329,238.08118691383805,491,438,14.142192278847965,132.26732606324336
49.197.253.245,34.25.222.16,1343,238.61028241038318,492,340,17.471291428004644,132.56126800576843
5.82.182.197,213.173.238.131,387,239.24299642324894,493,272,2.244898614142133,132.91277579069384
87.32.221.193,205.250.27.111,1443,239.52199545844638,494,79,11.06105966594422,133.06777525469244
10.130.192.106,202.100.117.177,676,239.90804421438975,495,474,18.027094922457366,133.2822467857721
199.2.74.217,127.29.61.123,401,240.57410705860045,496,112,15.01159862941861,133.65228169922247
212.187.85.0,111.189.225.233,1076,241.46631034481368,497,413,10.924710917241217,134.14795019156315
165.17.138.34,78.245.58.93,304,241.94408026483634,498,479,12.429086438333195,134.41337792490907
207.47.26.190,23.25.253.180,1281,242.26031770599783,499,176,10.350831311315742,134.58906539222102
116.62.44.108,203.101.239.247,1183,243.23217153316585,500,324,6.350449731121126,135.12898418509215
88.224.93.253,179.218.171.171,924,244.02812373166674,501,328,8.934854445836296,135.57117985092597
151.88.14.250,132.21.9.149,260,244.83664674654463,502,450,10.047646718612555,136.0203593036359
31.6.176.242,3.54.255.72,288,245.07187860649245,503,249,3.553969535670979,136.15104367027357
87.189.172.202,210.4.81.238,607,245.73239760830185,504,272,19.268611437410428,136.5179986712788
87.37.141.174,195.26.176.84,205,246.2492311772498,505,265,7.380294880254994,136.80512843180546
27.141.135.170,171.212.205.251,926,246.95578492875703,506,111,19.803140467066218,137.1976582937539
34.34.205.40,169.247.21.97,551,247.31558377102013,507,163,9.546025416823955,137.39754653945562
174.182.142.255,16.227.1.15,98,247.5855793747937,508,123,16.475449870683295,137.54754409710762
194.155.47.121,196.56.150.47,938,248.09873022081712,509,284,20.9262789212116,137.83262790045396
184.200.51.143,121.61.86.109,1019,248.28235906158307,510,489,3.390556366614865,137.9346439231017
102.227.141.116,100.31.222.53,1472,248.71026340642138,511,460,12.529112773649766,138.172368559123
155.193.92.125,138.57.220.181,853,249.28917878715106,512,321,4.646474793328765,138.49398821508393
14.222.165.23,104.231.129.205,1464,249.736044848578,513,126,17.618629644426136,138.7422471380989
95.95.126.33,145.143.195.134,1164,250.16499934735126,514,435,1.5768500668588377,138.98055519297293
23.167.199.146,95.210.56.99,477,250.39594932702084,515,480,14.826772003434723,139.1088607372338
170.188.45.110,153.98.237.36,935,250.45542747861086,516,485,1.1581765338618792,139.14190415478382
177.164.50.126,10.118.141.148,581,251.37143136308538,517,36,0.7458376914197373,139.6507952017141
107.44.17.179,65.74.2.173,1095,252.2561876060473,518,287,17.665655830559196,140.14232644780404
113.10.4.158,13.194.112.17,594,252.82544001703232,519,122,13.775180287744057,140.4585777872402
184.131.136.78,153.237.17.43,912,253.47454005785008,520,259,9.126082263299965,140.81918892102783
207.242.86.245,175.96.230.189,262,254.24913562947165,521,193,18.493607276051712,141.24951979415093
61.57.201.197,161.145.183.221,1351,254.91362337813234,522,419,9.41364902764129,141.61867965451796
122.103.23.133,182.102.158.195,637,255.31921371964168,523,284,8.023837377476227,141.84400762202316
51.39.69.14,155.76.251.64,994,255.40397819372868,524,342,7.315309957705105,141.89109899651592
58.4.30.191,116.126.130.10,301,255.66467830799223,525,376,5.430774287125122,142.035932393329
123.223.65.51,65.84.58.246,795,256.0674424207019,526,131,9.454046995936155,142.2596902337233
65.241.190.140,155.58.165.115,555,256.39233051971814,527,369,10.041857704096982,142.44018362206563
58.104.44.185,116.76.186.20,915,256.49905797032824,528,336,11.966788399584644,142.49947665018234
36.184.166.65,100.11.14.30,581,256.63253897205556,529,246,5.017065237306291,142.57363276225308
137.218.235.91,113.55.114.136,1087,257.2353769764192,530,140,17.33253266385361,142.90854276467735
135.89.227.185,108.29.237.25,1167,257.2657728634698,531,134,11.752819450013162,142.92542936859434
17.13.136.25,58.185.165.39,388,257.45083943045637,532,485,7.829784786049384,143.0282441280313
138.133.46.189,43.83.75.223,1059,257.95994220856574,533,45,15.603406321820774,143.31107900475874
88.181.77.32,108.47.105.183,1342,258.40140590272216,534,138,15.390091413184027,143.55633661262343
63.5.36.105,111.39.188.48,1328,258.70980167663436,535,274,9.752448324324945,143.72766759813018
36.163.193.95,88.152.19.102,569,258.775576822597,536,446,7.770238280758475,143.7642093458872
209.27.154.89,27.196.32.25,535,259.6611895920211,537,189,6.886055157726682,144.25621644001174
43.251.100.249,49.60.173.65,559,260.41979385722243,538,493,6.709687222852407,144.67766325401246
193.56.166.214,20.58.68.125,670,260.434135608168,539,55,19.297914047423028,144.68563089342666
182.243.77.152,7.15.209.120,95,260.7416314053843,540,65,11.28094436349277,144.85646189188014
174.120.32.205,205.195.4.181,1163,260.9794550907912,541,421,11.365905428998186,144.98858616155067
169.66.249.113,43.234.118.171,53,261.96303509337366,542,408,11.086446303332862,145.5350194963187
207.16.65.103,178.199.68.12,1242,262.26824515867423,543,84,10.158062282840321,145.7045806437079
35.157.178.25,84.78.22.21,233,262.9052085193284,544,190,7.995966340261956,146.05844917740467
54.142.236.194,174.7.237.139,1270,263.20033550013943,545,386,19.728003233620722,146.22240861118857
12.175.77.138,68.102.72.150,1372,263.931473303425,546,109,17.74586526573506,146.62859627968055
46.235.119.27,83.187.204.181,416,264.2435208542594,547,117,12.082383491619973,146.80195603014408
107.20.24.166,57.137.9.144,1118,265.14613763780284,548,392,20.177299827004568,147.30340979877934
87.176.153.202,97.124.239.30,260,265.8390654477262,549,411,2.761110942558042,147.68836969318124
39.159.60.199,116.57.154.119,1471,265.87773200629994,550,46,19.743405767799818,147.70985111461107
190.207.200.98,114.184.58.73,217,266.75206647696183,551,297,15.580882143127091,148.19559248720103
82.34.30.251,102.20.19.97,1374,267.54539968047794,552,224,20.097593509967144,148.63633315582106
19.130.227.236,130.32.61.128,771,267.73816714221516,553,234,9.908195307344217,148.74342619011952
164.219.246.21,144.47.214.200,210,268.1293359324753,554,251,17.656037675038522,148.96074218470852
167.197.56.150,183.63.186.164,88,268.55003802345834,555,249,16.50042995367818,149.19446556858796
181.155.225.184,62.82.2.156,917,269.4007842479117,556,431,18.607636743133618,149.66710235995095
41.52.213.18,46.146.39.227,1310,269.4085614866616,557,289,14.672553598268617,149.67142304814533
7.4.14.3,150.126.16.50,939,270.0018131981654,558,249,18.746756379196615,150.00100733231412
118.22.114.193,186.103.14.42,559,270.48884076327664,559,277,18.918752888823462,150.27157820182035
195.142.139.47,71.200.95.99,1168,270.96568677055416,560,314,5.6672568748014776,150.53649265030785
63.131.171.35,191.193.40.254,961,271.4668027381236,561,456,19.588729072345284,150.81489041006867
162.182.250.166,34.195.96.91,981,271.6698606196853,562,149,5.831763298802673,150.92770034426962
22.244.179.61,181.102.101.236,745,272.4605369235828,563,476,9.725241721074921,151.366964957546
126.182.172.24,141.115.103.97,388,273.3746513940479,564,400,13.762353987871888,151.8748063300266
8.1.221.132,101.202.143.130,79,273.38593081825644,565,39,4.988141350745842,151.88107267680914
109.235.31.132,121.0.7.246,100,274.28076457391853,566,428,8.225265403585063,152.37820254106586
184.50.243.192,16.252.245.121,790,275.17061085812276,567,125,16.477722252704233,152.87256158784598
107.39.86.177,188.53.233.34,549,275.44063374350804,568,289,3.3088011936609716,153.0225743019489
149.129.140.186,16.75.100.195,256,276.0733201898822,569,428,12.043094957961243,153.3740667721568
90.215.37.62,175.1.153.80,868,276.91727325621855,570,491,19.360571311190512,153.84292958678807
103.5.184.0,168.137.81.49,273,277.26688061441934,571,60,3.917045544554317,154.03715589689963
168.47.241.43,159.47.142.182,1090,277.6988914674947,572,179,9.040643711688606,154.27716192638596
129.254.246.86,171.237.10.152,827,277.96172151174835,573,425,10.439518524289245,154.42317861763797
40.103.254.245,11.112.112.253,368,278.371351356321,574,315,1.2788841208294346,154.65075075351166
168.9.184.41,146.30.85.66,365,279.3573687461101,575,142,3.5502435336260074,155.1985381922834
121.173.154.147,83.137.88.234,361,280.1527240602488,576,470,20.39079683506456,155.64040225569377
55.243.153.55,133.53.16.167,1295,280.6877904939515,577,222,18.55725796863797,155.93766138552863
101.243.202.216,123.88.197.233,1027,280.8000463890479,578,361,9.261155796833606,156.0000257716933
196.123.142.21,4.47.111.74,1025,281.619885212709,579,117,6.258448811987439,156.45549178483833
174.250.101.252,135.177.9.191,1420,282.47864888239724,580,64,1.8096072742237754,156.9325827124429
114.218.127.17,43.77.74.56,906,283.4597226299391,581,142,13.379886400645832,157.4776236832995
166.150.230.89,149.126.186.3,1393,284.3478341066646,582,92,14.801831569903126,157.971018948147
140.177.161.195,69.89.160.73,1388,285.2087931276109,583,49,16.683289246624625,158.44932951533937
72.174.197.27,166.13.53.151,94,285.25176707781685,584,48,9.272710334502563,158.47320393212047
153.208.81.91,63.21.219.134,354,285.4204895375204,585,31,7.726047167604486,158.56693863195576
202.105.214.122,195.52.69.22,1104,285.93035123856487,586,143,5.73612056897442,158.85019513253604
34.213.138.20,137.220.147.246,1474,285.9731159920058,587,410,3.2781366260491165,158.8739533288921
113.28.0.247,124.16.222.167,287,286.6112241169667,588,289,12.058141289472587,159.22845784275927
128.5.210.39,193.233.155.26,1151,287.10119279070346,589,496,13.809411211464708,159.50066266150193
37.211.143.24,156.179.110.243,1377,288.06524180365415,590,206,11.728853156946458,160.0362454464745
209.0.122.42,193.78.5.216,1074,289.0340390565803,591,303,20.44943361451445,160.5744661425446
44.20.174.211,65.81.136.252,147,289.3248571208948,592,110,15.621261430910872,160.73603173383046
135.86.40.13,198.185.125.95,715,289.7527730423941,593,494,4.093394065653416,160.97376280133005
131.78.45.65,51.168.43.212,914,289.94845299360117,594,414,14.563291374640174,161.08247388533397
30.73.193.57,5.202.144.173,682,289.9891002308727,595,233,14.748732441011017,161.10505568381816
80.167.68.37,40.185.46.14,849,290.2741673682481,596,78,5.210627904527819,161.26342631569338
56.221.20.154,188.166.221.162,1102,290.6094207616705,597,494,4.398486994947043,161.44967820092805
68.107.133.47,210.186.41.234,1361,291.30295417421536,598,384,7.760339339450789,161.83497454123076
44.2.33.179,39.144.198.245,857,291.49843923507626,599,315,2.9056921284761503,161.94357735282014
5.89.69.199,43.21.150.225,1240,292.32431910367643,600,55,10.185423111444745,162.40239950204247
48.244.185.34,116.6.115.207,1302,293.17591133519636,601,229,6.083411027461761,162.8755062973313
79.209.85.183,89.223.91.94,154,294.1414417219693,602,496,9.973023252634201,163.4119120677607
113.138.40.203,39.107.57.57,1294,294.8197821408102,603,228,3.4216984138178472,163.78876785600568
123.181.164.224,9.196.151.157,781,294.9089435540571,604,488,18.853304306551564,163.83830197447617
148.216.249.64,147.237.144.51,872,295.78903548095695,605,177,1.2263649507097023,164.32724193386497
161.87.135.64,85.135.97.101,1078,296.6653729474648,606,298,7.062617119339507,164.81409608192487
77.115.240.192,157.113.164.252,371,297.07869986726536,607,295,13.980292810374602,165.04372214848075
83.59.155.203,130.49.90.161,101,297.3220401122153,608,452,2.6635049287203194,165.17891117345295
216.248.107.151,23.33.136.202,360,297.4827491852034,609,217,13.706300526358937,165.26819399177964
169.60.99.181,188.185.201.140,1224,297.51639696496676,610,174,0.8408919779767469,165.28688720275932
24.177.118.98,52.253.38.137,240,298.1627544816845,611,56,8.569380843892791,165.64597471204692
142.23.5.84,91.175.7.220,764,298.5748405255385,612,166,11.122606588832232,165.87491140307694
75.36.179.235,184.131.133.50,948,299.2147518726177,613,124,2.180877708697619,166.23041770700982
45.237.44.162,40.62.42.248,1216,299.87250002575206,614,492,12.315530588398751,166.59583334764002
115.250.239.229,145.181.117.249,148,299.9880052353395,615,163,15.882126674852737,166.66000290852193
178.107.194.0,119.203.90.42,557,300.1556745274688,616,443,9.350145145323244,166.75315251526044
81.112.182.126,150.248.32.219,597,300.28174394353135,617,196,9.41389130422434,166.82319107973964
104.111.67.229,152.217.31.114,616,300.4961133646705,618,193,15.19005039823068,166.94228520259472
119.54.118.26,20.251.141.190,768,301.3594777931744,619,230,12.149873222560226,167.4219321073191
69.226.47.235,211.65.15.169,557,302.30871474366523,620,95,15.714860604427807,167.9492859687029
178.163.105.127,197.239.225.183,694,302.9353330465091,621,29,18.055417500809803,168.29740724806058
93.196.178.158,48.153.27.0,63,303.22313920713754,622,291,4.543965240348135,168.45729955952086
114.67.78.242,170.70.116.121,1414,303.55167563590834,623,202,5.7038677931724635,168.63981979772686
174.216.144.147,41.186.145.117,770,303.8005807414356,624,500,1.032701846655956,168.77810041190867
106.41.115.215,43.186.209.207,1252,304.5384812123621,625,481,3.257744331872095,169.18804511797896
105.0.135.29,13.122.33.75,1484,305.45055331297925,626,391,8.764780706423792,169.69475184054403
200.216.227.153,205.174.241.226,915,305.6475368983664,627,186,19.621579141897257,169.80418716575912
114.205.161.146,68.228.130.229,846,306.1571662934672,628,232,6.377812776279743,170.08731460748177
47.48.61.84,14.14.202.82,1069,306.3692675117613,629,397,15.567499413107278,170.20514861764516
118.132.88.213,11.6.66.92,184,306.84289847112916,630,282,4.209557807522781,170.4682769284051
89.138.140.170,111.91.228.165,247,307.4962406944758,631,495,9.964095602434007,170.83124483026432
173.18.130.65,202.94.153.16,87,307.9844594580852,632,342,9.882723816365276,171.102477476714
43.129.157.190,93.153.84.107,745,308.32697455702424,633,216,10.07488288908635,171.29276364279124
15.82.38.225,212.122.1.74,1162,308.34111042107384,634,121,12.441804671449615,171.30061690059657
120.51.32.132,161.221.74.227,195,308.73106724642025,635,213,12.178341230719909,171.51725958134458
49.37.57.117,90.103.150.225,210,309.59995036863194,636,231,3.2036736625998357,171.99997242701775
87.12.188.237,55.136.126.11,1021,309.6236279087561,637,420,12.231812466715096,172.0131266159756
98.139.41.109,54.229.191.212,717,310.38731384062,638,61,14.209223923789754,172.43739657812222
183.7.34.200,190.94.65.188,1239,310.6409393236026,639,126,14.625079629539385,172.57829962422366
200.102.235.99,212.21.188.79,806,311.63798009979917,640,472,14.694390270627515,173.1322111665551
206.151.181.67,127.245.215.224,145,312.1294292246399,641,134,9.319046471353154,173.40523845813328
160.92.240.71,71.55.158.102,320,313.0009346974471,642,416,15.937923675788308,173.8894081652484
35.17.241.7,186.129.100.145,669,313.76520240519034,643,16,1.3217901674252293,174.31400133621685
75.32.45.221,24.117.128.40,82,314.4612969227915,644,49,13.929256161970727,174.70072051266195
205.154.111.102,216.44.215.168,209,315.08064935548856,645,333,15.029133753639554,175.04480519749364
124.40.34.127,76.91.111.234,1029,315.80689234598935,646,492,6.262025009063241,175.44827352554964
17.60.153.26,38.121.243.230,725,316.037237120482,647,127,4.690621828274108,175.57624284471223
109.204.127.153,89.212.249.25,410,316.5172230174363,648,347,2.695722995712068,175.8429016763535
48.133.47.47,79.163.220.98,1376,316.61129688443185,649,365,0.512656105564213,175.89516493579546
84.243.94.141,128.74.1.11,636,316.63155986736,650,22,11.527483233948486,175.90642214853332
174.54.190.184,179.208.174.52,999,316.7815244712599,651,69,17.547108671673794,175.9897358173666
99.80.160.207,153.27.179.211,840,317.71724414009907,652,113,7.709257472740873,176.50958007783282
23.254.227.16,97.173.44.175,211,317.7270338910182,653,485,12.22201124479078,176.51501882834344
47.189.249.72,163.84.130.36,1173,317.7895319812582,654,106,9.124674306028274,176.5497399895879
37.134.90.203,65.141.181.42,423,317.92439953077496,655,420,2.904510781546486,176.6246664059861
137.136.118.200,178.30.127.247,157,318.17229626011857,656,477,18.76116518713369,176.76238681117698
28.250.233.74,97.4.156.104,883,318.65884720213893,657,421,19.090713228597874,177.0326928900772
94.41.229.145,153.203.68.182,98,319.3368313424625,658,430,11.34278597546312,177.4093507458125
144.107.114.160,121.129.180.156,1100,320.2896987984653,659,16,20.962029168508707,177.93872155470294
82.118.203.118,16.136.167.37,791,320.66900999626444,660,335,9.205605535612253,178.14944999792468
49.111.213.240,175.77.114.76,1371,321.3695503305124,661,399,0.7562896087252398,178.5386390725069
122.145.31.56,185.65.141.78,1222,321.8429233185228,662,98,16.94712387427968,178.801624065846
53.94.79.18,182.15.150.250,1125,321.92484307824975,663,133,18.633686922521896,178.8471350434721
33.87.118.157,153.198.196.169,565,322.5035135087622,664,297,15.94144793987597,179.168618615979
44.157.141.118,46.151.126.0,1345,323.0475443743772,665,452,10.12927515126939,179.4708579857651
80.43.111.38,13.112.3.48,692,323.75875043408865,666,284,1.2833158085286815,179.86597246338258
198.15.167.183,97.141.242.84,1178,324.70217545373384,667,298,19.678134198253286,180.39009747429657
84.151.192.181,131.170.192.45,1092,325.6687763602227,668,366,3.4216090576330753,180.9270979779015
161.152.252.65,156.251.130.5,1002,325.92421342262486,669,403,16.594022041625283,181.0690074570138
5.218.196.22,196.70.119.14,905,326.84846312935025,670,250,13.715355544300857,181.58247951630568
32.216.236.85,201.39.209.76,1043,327.2616528415831,671,487,15.79838166465236,181.81202935643506
211.100.64.33,83.7.74.114,1258,327.9872139307613,672,426,1.9148225456601533,182.21511885042295
132.255.5.215,23.3.203.157,320,328.3894492270519,673,318,14.33936321924213,182.4385829039177
114.17.212.227,177.206.194.133,1358,328.79107466320784,674,22,17.22693838134501,182.66170814622657
32.4.194.195,106.122.88.212,109,329.47446626556825,675,32,17.582635822597013,183.04137014753792
5.252.172.42,103.40.10.117,423,330.32894128918986,676,269,18.416029430233813,183.51607849399437
9.34.153.12,53.146.30.75,1105,331.2193259645695,677,468,0.24741605441565884,184.01073664698308
78.60.40.55,155.130.186.99,1052,331.2445512177603,678,256,11.33950853562202,184.0247506765335
86.10.148.245,151.220.74.244,805,331.393067900403,679,46,0.1553849690475958,184.10725994466836
48.129.189.2,191.189.74.180,422,331.71882042456645,680,326,10.94980521903057,184.28823356920358
134.41.248.232,147.13.227.124,354,332.3057109472299,681,471,11.808180314330196,184.61428385957217
50.121.62.94,154.67.84.183,564,332.71394400003186,682,122,20.292502940590687,184.84108000001768
174.129.192.135,63.251.107.54,1060,332.7257907432761,683,269,20.426744928600666,184.84766152404228
183.138.132.86,28.209.15.195,236,333.5319431051983,684,499,1.4850860347328392,185.29552394733238
95.251.185.211,8.174.104.64,1452,334.4064543715416,685,458,13.14573429130084,185.78136353974534
40.202.227.123,13.235.122.45,1374,335.0229080155232,686,214,1.1497579719847635,186.1238377864018
146.124.105.120,90.200.202.45,55,335.59965152002087,687,133,17.771410333625717,186.44425084445604
168.200.165.226,172.195.191.232,678,336.0497742151114,688,499,0.6106034485743234,186.69431900839524
167.118.146.216,64.241.10.65,76,336.6409818487449,689,279,5.413276150778088,187.02276769374717
12.66.33.106,85.240.131.73,882,336.80177999532367,690,368,6.991183973231582,187.11209999740203
123.13.183.47,115.102.28.75,173,337.1156906111906,691,80,12.624593913143485,187.28649478399475
60.193.94.88,78.200.180.53,1368,337.9595917128743,692,403,11.689153291018762,187.7553287293746
78.187.239.61,18.81.250.82,1205,338.3176333374553,693,51,15.348695004260016,187.9542407430307
68.104.84.101,67.181.241.192,1328,338.7333533790249,694,450,9.158971359374055,188.18519632168048
183.63.186.226,9.133.133.207,578,338.75735214860373,695,461,15.19399371103919,188.1985289714465
180.160.30.149,120.246.95.68,461,339.33728315029754,696,130,3.112794060320022,188.5207128612764
64.10.32.96,77.181.178.33,1228,340.1315446104362,697,215,0.9216028730774117,188.9619692280201
8.103.22.118,20.136.176.253,665,340.5181618380756,698,337,18.346059669427348,189.17675657670867
214.106.184.101,211.62.207.120,260,341.2694624622925,699,261,9.258574518677348,189.5941458123847
184.14.224.31,215.174.64.227,667,341.87752753104223,700,102,10.49115830099035,189.9319597394679
50.67.207.182,162.236.154.15,904,341.9044762823873,701,238,2.0151660738048007,189.94693126799294
95.92.224.179,150.95.130.42,1118,342.60367939139655,702,151,0.4372424741109502,190.33537743966474
42.137.189.62,82.55.111.71,1104,342.6924835763861,703,362,10.962423062114336,190.3847130979923
200.61.146.103,173.198.125.219,1167,342.9403282584674,704,375,19.376047945048043,190.52240458803743
123.196.244.8,64.233.66.146,191,343.7495434069533,705,316,13.504263155144587,190.9719685594185
109.35.71.78,144.42.67.251,517,344.1995510100043,706,253,16.3104225118572,191.22197278333573
214.205.175.7,122.201.53.176,720,344.2429399025568,707,445,5.3685659655010625,191.24607772364268
4.123.83.37,130.220.178.205,390,344.4714423921068,708,185,16.757836431538536,191.37302355117043
189.117.52.180,100.39.39.39,1070,344.7755950144696,709,205,16.903202072587472,191.5419972302609
130.121.84.118,147.231.224.107,1361,345.2883536286803,710,494,16.045933840881453,191.8268631270446
70.30.153.170,85.116.74.244,69,345.63378957765,711,301,6.12187014611251,192.01877198758334
123.220.16.218,48.168.220.47,287,345.665720257146,712,344,5.286451370568305,192.03651125397
74.40.242.175,97.69.22.219,410,346.25383602593126,713,171,13.938164070367348,192.36324223662848
198.176.216.99,109.54.25.124,1304,347.0647809800044,714,91,12.92009041899131,192.81376721111354
209.56.60.10,50.6.132.131,1067,347.7174572622357,715,230,7.441702095528635,193.1763651456865
108.230.130.41,205.221.51.122,1163,348.41491051929046,716,291,17.212251982408613,193.56383917738358
4.166.93.54,124.102.178.28,808,349.2691239979814,717,76,0.662972552485084,194.03840222110077
208.250.9.31,23.180.111.103,435,350.02191709903485,718,177,11.292172593935303,194.4566206105749
108.88.235.36,93.63.143.151,143,350.6098270342796,719,80,9.661956614304973,194.78323724126642
53.224.44.150,125.84.211.166,1191,351.4610431454669,720,293,6.03895984994043,195.25613508081491
167.240.60.110,215.6.97.101,931,352.4414425537097,721,334,11.598757184977558,195.8008014187276
202.84.104.20,139.196.125.189,1041,353.00907950003943,722,359,1.3376762497450576,196.1161552777997
8.53.143.207,62.177.115.225,1069,353.94183150426164,723,402,16.807262052474265,196.6343508357009
187.108.196.140,180.10.165.234,694,354.7540151567883,724,483,17.792813471446316,197.0855639759935
168.115.232.135,66.242.30.161,821,355.1214082592307,725,276,3.7665584925740365,197.28967125512816
5.43.77.133,58.135.253.135,690,356.1201262730429,726,174,9.439224354199018,197.84451459613493
206.115.42.194,140.187.90.129,379,356.7197777508917,727,476,12.430180044992584,198.17765430605093
82.226.104.233,114.20.203.98,1389,357.05754594745304,728,393,20.50252114902398,198.36530330414058
213.37.221.34,7.5.212.25,186,357.6099211682529,729,109,13.700372281026365,198.67217842680716
171.67.52.82,171.46.12.111,766,358.37171493633053,730,472,12.375400957261967,199.09539718685028
38.33.78.54,26.182.3.242,478,358.7098827475243,731,430,3.501762150042306,199.28326819306906
29.80.180.146,56.229.77.168,1132,359.4740321501221,732,220,2.0175481846826018,199.70779563895672
155.44.53.178,184.40.3.17,781,359.6953542071607,733,435,13.006079719693146,199.83075233731148
70.64.22.231,141.21.199.11,646,360.3911270617764,734,242,13.825366801260698,200.21729281209798
72.12.161.124,17.106.212.128,475,361.1894879631275,735,382,5.333685733391897,200.66082664618193
142.127.41.220,80.133.167.90,1096,361.9726783276201,736,95,15.249312561747889,201.09593240423337
134.87.116.40,9.212.62.104,1341,362.2794886450359,737,287,15.390488938292068,201.26638258057548
177.18.136.246,125.160.155.115,1180,363.18821087526794,738,104,20.50422450873379,201.77122826403775
12.57.92.146,97.98.133.152,327,363.7890654131609,739,414,13.321891382697995,202.10503634064494
20.248.84.242,18.56.16.36,1484,364.13647360590716,740,426,3.059627391923616,202.29804089217063
144.24.52.163,16.159.150.151,311,364.6991107076054,741,491,12.770148484117508,202.6106170597808
36.157.158.94,94.110.20.99,789,365.1821555243905,742,213,9.343346760961918,202.87897529132806
34.92.101.134,44.109.93.133,81,365.7954485600884,743,270,9.040341695324448,203.21969364449356
178.25.166.220,210.139.231.161,651,366.775878058113,744,119,6.09432631700542,203.76437669895165
148.199.38.92,20.35.225.188,421,367.5594743385903,745,408,0.332837463727338,204.19970796588348
66.219.9.134,68.105.250.11,150,368.0051438038541,746,259,15.201416558263528,204.44730211325225
210.20.232.122,147.248.218.74,860,368.1507865838669,747,180,3.8095108763195205,204.52821476881493
91.48.188.10,214.246.199.186,1340,368.40515163482814,748,222,8.206660460294373,204.66952868601564
48.150.119.64,142.46.5.65,1257,368.67846762166596,749,351,5.123233470064176,204.82137090092553
166.0.40.0,6.185.11.193,666,369.5464578156387,750,253,14.535054269847596,205.30358767535483
16.30.138.37,166.16.161.62,482,369.8900953316845,751,228,2.9980445883877223,205.49449740649138
207.226.96.192,34.78.184.249,213,370.2218332940787,752,451,8.632081095769726,205.67879627448815
195.100.145.180,79.25.115.225,654,370.4113400504806,753,365,0.017506719170568896,205.78407780582253
40.191.172.15,112.117.97.252,293,371.4037316147258,754,16,10.258455157942976,206.33540645262545
70.78.118.164,177.71.26.21,530,372.1883021182692,755,259,17.150278699453754,206.77127895459398
28.236.171.176,47.31.121.246,612,372.2611852652136,756,62,11.262620328740521,206.81176959178532
43.244.67.232,24.117.59.178,1159,372.3388146911145,757,230,8.158377375057837,206.85489705061917
87.134.127.62,103.11.196.24,139,373.1911113182623,758,348,12.807690038191884,207.3283951768124
169.223.185.251,20.203.10.20,67,373.4947244458365,759,375,17.64406132369469,207.49706913657582
168.177.3.181,67.45.131.237,1376,373.7914808344253,760,234,12.85988133350093,207.66193379690293
104.1.221.79,90.84.251.66,390,374.5010493935998,761,279,10.949080244843199,208.0561385519999
109.43.196.58,216.153.43.189,682,374.7600479563515,762,320,4.041711516946969,208.2000266424175
55.68.183.32,51.236.78.60,1262,374.9995602007926,763,102,3.8121081093360774,208.3330890004403
9.255.253.171,147.178.229.223,104,375.0896066122156,764,394,3.4015558220125017,208.3831147845642
72.162.181.152,188.131.217.96,1185,375.7791670045405,765,382,1.597797065878206,208.76620389141138
105.64.251.240,151.89.131.73,676,376.0129674388973,766,425,9.858205112150683,208.8960930216096
33.253.91.133,185.130.175.210,1209,377.0013008730051,767,336,19.924532264898644,209.4451671516695
173.221.230.63,141.76.60.184,436,377.0114931312058,768,181,14.724748960405645,209.45082951733653
97.2.185.15,11.186.200.63,1081,377.6056207669701,769,401,4.223235193650662,209.7809004260945
12.217.235.178,172.236.181.75,854,377.9634496740936,770,249,18.45214410322897,209.97969426338534
116.238.52.150,154.142.43.233,1055,378.8912536839857,771,433,12.225436105792028,210.49514093554762
58.238.89.225,139.111.42.19,127,379.08380174757224,772,497,5.285032732414146,210.60211208198456
204.71.91.96,169.157.44.166,517,379.1882609838515,773,148,8.986543108513931,210.6601449910286
179.55.225.40,20.219.15.213,1044,379.58029196933836,774,203,10.587046987434766,210.87793998296576
175.206.210.107,38.197.175.47,425,379.85799787417835,775,254,17.560719044330217,211.0322210412102
155.122.244.239,69.92.18.225,113,380.1582543369657,776,393,9.925519388791539,211.19903018720316
90.99.90.236,4.80.57.4,1060,380.6227115190488,777,463,12.356343112141086,211.4570619550271
151.97.180.44,107.48.188.54,315,381.44670239559645,778,205,3.3004337097526215,211.91483466422025
93.92.75.67,7.90.228.245,730,382.31210536499185,779,287,10.730937448960292,212.39561409166214
189.151.246.162,176.223.171.180,727,382.5603445378141,780,457,5.5730453372079225,212.53352474323006
129.238.64.9,18.121.234.108,968,383.49679532961915,781,134,19.416539857932676,213.05377518312173
128.44.160.158,41.62.211.51,995,384.41072988799687,782,345,9.923007194802869,213.5615166044427
24.196.173.95,157.110.88.33,1005,385.2578263980893,783,69,18.978554836835745,214.03212577671627
84.173.212.190,139.217.248.60,1294,385.3471757165922,784,494,14.42944424243555,214.08176428699565
126.95.202.189,61.137.178.233,470,386.1373388056612,785,163,13.29059505320542,214.52074378092288
153.250.121.153,8.197.62.101,212,386.81978976196064,786,87,2.4903442485271188,214.89988320108924
48.230.226.134,151.238.234.67,381,387.0824582701436,787,386,1.7616539958971245,215.04581015007977
9.74.189.193,24.229.193.239,182,387.6868682700849,788,493,20.240681890962616,215.3815934833805
182.85.182.100,3.100.104.69,290,388.4856336489124,789,156,11.541477573788157,215.82535202717355
20.70.236.59,214.27.181.83,793,388.72420136464984,790,413,8.149844866166667,215.95788964702768
74.9.222.148,213.176.215.133,1325,388.86103255519413,791,67,0.8985060578465902,216.03390697510784
36.15.135.214,31.145.251.125,267,389.05658961487035,792,98,20.973233518027676,216.14254978603907
165.138.229.202,118.111.72.4,607,389.44870241694855,793,280,16.172111000918793,216.36039023163806
170.126.209.41,69.36.187.213,777,390.329440691123,794,170,5.314526055864398,216.84968927284612
15.59.128.174,203.43.12.197,1014,390.79564497280325,795,35,11.90975770592809,217.10869165155736
197.103.111.2,21.116.181.179,1425,391.61754718792685,796,240,12.727874127747198,217.56530399329267
136.99.22.220,34.149.122.228,186,392.1862503440382,797,152,12.75871623474644,217.88125019113235
110.218.87.239,172.14.91.185,816,393.099861250893,798,191,12.296009903339074,218.38881180605168
75.3.152.10,124.203.165.166,1332,393.22713990879146,799,393,18.633518094286075,218.45952217155082
128.194.173.25,139.200.21.121,1447,393.59217956287796,800,84,8.329409382700161,218.66232197937663
121.77.166.80,69.117.160.248,247,394.39716585797396,801,357,18.097972150407283,219.1095365877633
63.22.5.42,86.133.43.154,252,395.28879646789704,802,349,14.58259910512858,219.60488692660945
113.203.76.146,98.1.217.75,258,395.39988694141596,803,295,8.106286011133827,219.6666038563422
93.237.195.97,207.191.143.166,1227,395.54212630821837,804,248,5.632816015689105,219.74562572678798
97.210.61.228,177.200.190.24,705,396.4693242204545,805,67,19.55747836104125,220.26073567803027
184.26.134.51,142.248.225.122,675,396.54615762138553,806,282,19.32991126158285,220.30342090076974
18.131.1.136,213.104.88.133,162,397.28284526785865,807,349,7.916452940740886,220.71269181547703
66.253.97.23,124.151.209.129,680,397.36887671740516,808,392,12.42845503928755,220.76048706522508
216.227.177.218,104.92.247.136,1293,397.6342732734653,809,365,4.8592887114348695,220.9079295963696
30.212.223.166,214.142.216.58,1078,398.08581002441696,810,201,15.889803156142943,221.1587833468983
205.92.154.146,158.218.66.250,765,398.2674150219407,811,222,19.897285448478662,221.25967501218926
83.144.118.242,31.225.45.194,1138,398.6153527336451,812,484,6.5921359519718905,221.45297374091396
161.128.141.136,176.116.213.27,685,399.37881203868164,813,329,20.04059116692944,221.87711779926758
125.15.215.77,180.153.60.112,890,399.980651079999,814,144,14.530106114637558,222.21147282222165
77.37.16.190,202.136.91.97,864,400.8476170018783,815,311,19.2970400723115,222.69312055659904
36.177.253.140,195.219.143.42,519,401.044362353499,816,146,16.5148119002643,222.80242352972166
162.17.195.27,89.230.76.112,458,401.7911846228358,817,454,12.104232786142228,223.21732479046432
128.240.114.85,110.204.238.35,506,402.6294742602154,818,74,17.338282236872114,223.6830412556752
99.73.118.210,139.193.95.157,722,403.28714069539274,819,317,3.7688198128984665,224.0484114974404
52.30.130.132,212.186.12.128,586,404.09537258335394,820,309,3.136506369772955,224.4974292129744
182.63.164.6,204.172.230.158,388,404.40005893909745,821,109,4.796342227450491,224.66669941060968
21.68.44.232,84.1.248.241,1031,404.998717391531,822,392,9.55148809628944,224.99928743973942
12.209.138.117,205.44.185.193,970,405.9417348369982,823,356,7.362420307632283,225.52318602055453
216.152.104.161,205.240.14.242,650,406.78141776068,824,319,3.271658627839831,225.98967653371108
188.147.84.117,195.224.137.78,78,407.38611657078746,825,264,20.08353659153962,226.32562031710415
120.76.59.13,49.23.216.231,300,408.307188093582,826,471,16.170127330429057,226.83732671865667
153.83.202.224,186.103.108.69,1295,408.4889000192776,827,263,13.394610879868319,226.93827778848754
160.12.38.141,184.17.169.19,1304,409.2937560232335,828,104,4.6702675863247975,227.3854200129075
27.241.198.76,44.57.240.71,1312,409.6183230541358,829,134,10.101240973368458,227.56573503007542
110.254.54.189,199.128.57.229,670,410.5057886539503,830,280,0.09275813497005259,228.0587714744168
12.253.162.254,64.152.220.69,1237,410.8919113055303,831,115,13.988279604401198,228.27328405862795
84.104.248.7,76.102.92.30,84,411.1517538810617,832,53,14.170953137314651,228.4176410450343
111.43.213.147,24.163.177.222,966,411.9647151877827,833,190,19.504762240717692,228.86928621543484
57.247.146.150,100.2.50.137,828,412.8273641325354,834,123,3.691815721866509,229.34853562918633
192.223.46.71,115.249.187.192,893,413.07822197409337,835,472,19.247428010478234,229.48790109671853
93.192.19.114,139.120.236.230,488,413.66677135576475,836,456,14.094711056840719,229.81487297542486
185.239.133.226,88.88.146.251,253,414.2818646777417,837,138,18.701808666488937,230.15659148763427
212.223.175.94,31.218.158.108,871,414.63322952122184,838,439,9.736534459174612,230.35179417845657
136.165.168.18,185.232.6.185,378,415.28914515567965,839,452,4.815069257503493,230.71619175315536
134.36.219.253,24.23.39.226,792,415.63496271437685,840,273,10.966656081161991,230.90831261909824
26.106.168.250,202.149.103.206,805,416.22527849606433,841,231,7.300565097358088,231.23626583114685
61.47.239.212,10.150.114.88,1174,416.8622454299094,842,404,16.25305878324228,231.59013634994966
28.48.196.253,53.131.43.27,665,417.54593906814347,843,32,15.096392497437362,231.96996614896858
41.130.172.105,85.250.148.20,118,418.2970284924018,844,125,8.13798356280096,232.38723805133432
92.166.98.186,124.162.41.3,370,418.3344331592129,845,454,9.227398321767225,232.40801842178493
55.198.84.172,100.61.187.216,307,418.5587402889412,846,125,3.475352844352402,232.5326334938562
14.165.90.36,188.205.249.246,1443,419.076206319153,847,422,14.87121044667682,232.82011462175166
150.72.225.70,38.247.75.242,1180,419.8760594264647,848,341,18.5254596017832,233.26447745914703
155.35.240.115,31.110.76.224,776,420.3005471374271,849,382,5.092696517617482,233.50030396523726
104.176.10.166,51.223.147.195,632,420.42519543385924,850,209,11.17089904641701,233.5695530188107
183.228.100.251,179.233.52.84,883,421.36015620947546,851,415,4.345250702548829,234.0889756719308
94.133.42.255,76.199.225.249,511,421.3647192680905,852,345,3.5142580907224255,234.0915107044947
136.171.56.249,146.109.67.108,825,421.4270996117258,853,133,8.419278143475168,234.12616645095878
191.82.141.64,214.195.212.209,368,421.832264737659,854,473,11.115547620865492,234.35125818758831
98.109.129.211,174.24.245.121,982,422.6764375468429,855,172,13.540706332567975,234.8202430815794
126.141.169.12,184.184.83.234,1303,422.8642000651311,856,37,18.84270537699322,234.9245555917395
112.59.113.58,56.219.176.107,101,422.88735811432946,857,480,20.579198803616908,234.93742117462747
114.33.19.155,72.19.229.250,886,422.98323608916417,858,138,19.192953553266296,234.9906867162023
15.76.65.46,162.130.136.217,863,423.20075771182303,859,342,15.253493051928434,235.1115320621239
182.248.98.239,155.94.144.176,78,423.4443093485342,860,77,11.393509591370224,235.24683852696344
167.21.119.164,180.162.18.42,517,423.666710769888,861,154,2.8697135564907734,235.37039487216
43.159.116.42,207.20.150.193,670,423.9643031110309,862,235,11.375190349634607,235.53572395057273
184.50.132.79,3.231.235.106,174,424.389839770608,863,130,3.1161782102625954,235.7721332058933
150.123.137.72,128.238.90.47,1267,424.77651058329224,864,331,11.723760946294583,235.98695032405124
16.225.116.180,23.176.164.87,122,425.54791458412234,865,172,9.133759255991151,236.41550810229018
71.30.27.147,89.120.160.186,139,426.5180434158235,866,484,20.500936619772272,236.9544685643464
156.48.153.169,130.162.225.248,819,427.00121934071063,867,268,20.014739651422364,237.22289963372813
8.60.136.42,110.134.56.24,75,427.52997851896134,868,439,14.671310931759557,237.5166547327563
61.42.255.133,197.78.124.86,675,427.57751447241407,869,478,0.8848794142535398,237.54306359578558
149.122.156.150,9.208.134.207,1221,428.06819279813277,870,122,17.801446233557122,237.8156626656293
33.7.175.81,90.52.89.56,205,428.4575662385271,871,447,13.066852162865239,238.03198124362615
145.51.59.239,160.154.167.182,410,428.97138945361735,872,114,6.092268841146486,238.31743858534296
160.207.220.161,138.200.216.245,1134,429.61416022342615,873,385,9.627152390443772,238.67453345745898
197.13.76.193,120.48.93.147,1139,429.92758215202906,874,173,8.645456823917106,238.84865675112724
188.50.98.111,202.3.250.146,186,430.2455073104808,875,319,1.522317853260435,239.02528183915598
150.7.243.73,114.157.234.100,1186,431.1597695448996,876,417,4.217203820115597,239.53320530272197
33.225.7.79,167.220.233.246,793,431.8025861390212,877,408,6.85127892953327,239.89032563278954
66.152.137.20,115.182.108.121,762,432.1573443734309,878,351,13.00452321191724,240.08741354079493
182.177.10.248,214.175.182.162,197,432.9088141119537,879,417,12.907905504024136,240.50489672886314
177.62.140.56,107.191.12.140,1377,433.85082202001365,880,140,16.732615296207,241.02823445556314
121.62.147.206,167.172.99.149,1322,434.71925506583244,881,143,20.596829437200572,241.5106972587958
133.82.136.204,163.89.127.135,346,435.63854668295085,882,354,14.686201672601843,242.02141482386156
183.217.145.194,123.9.122.181,819,435.84575196990505,883,280,8.925845487069285,242.13652887216946
7.78.48.193,6.211.119.30,913,436.3458111472076,884,40,7.346918261934601,242.41433952622643
36.253.119.40,206.231.166.13,200,436.4702373062333,885,65,20.715357858012254,242.4834651701296
148.162.127.43,127.86.232.188,1126,437.2775249191278,886,214,19.112422443654626,242.93195828840433
214.51.53.236,56.159.27.172,546,438.2196367339081,887,266,8.523690738823703,243.45535374106004
207.208.84.108,81.236.126.161,1118,438.65711152096577,888,266,17.128957513132338,243.69839528942543
169.155.68.76,162.29.170.179,1304,438.80503548297173,889,185,6.259095620590482,243.78057526831762
67.161.65.119,40.22.16.151,1419,438.9356502538893,890,172,9.868225517079836,243.85313902993852
108.238.130.137,50.208.190.114,1038,439.5982984629946,891,294,17.913773965492055,244.22127692388588
105.139.36.135,102.235.242.25,1123,439.94962657155025,892,276,2.5651098266733827,244.4164592064168
16.246.27.55,112.47.38.150,438,440.4876843263375,893,497,11.36466940518594,244.7153801812986
155.231.129.123,55.23.84.24,1474,441.2594384740033,894,254,17.27932839934288,245.14413248555738
23.52.17.213,76.233.185.217,85,441.80475309719355,895,96,15.265848694769833,245.4470850539964
18.211.100.39,149.252.98.181,915,442.5751420083192,896,449,17.615346462376312,245.87507889351065
102.177.179.71,94.190.177.216,1417,443.16592829501064,897,383,0.00712281105476964,246.20329349722812
87.253.215.128,194.124.232.232,208,443.3496462029932,898,470,16.520486292038054,246.30535900166288
12.149.137.78,127.48.27.195,451,443.9766440594908,899,330,13.484601049854362,246.65369114416154
13.67.28.67,63.213.126.152,1179,444.3480600586089,900,202,6.2794277516096555,246.86003336589383
40.180.252.178,130.31.254.25,1152,445.0725681447981,901,462,15.657735843913828,247.26253785822115
95.40.2.217,171.9.143.216,775,446.0255542126894,902,176,7.622645157629199,247.79197456260522
179.242.41.214,189.144.255.196,731,446.93846420330345,903,87,0.7915697857322058,248.299146779613
195.99.5.158,83.160.68.175,795,447.25011292871966,904,131,2.6582986187932107,248.4722849603998
159.171.178.58,56.218.211.241,413,447.9067074090432,905,484,9.933341486045352,248.83705967169064
198.18.66.213,158.207.6.153,736,448.08379569860165,906,409,8.37407784522769,248.9354420547787
168.66.166.113,23.21.128.27,573,448.75406424161906,907,441,19.939729846046315,249.30781346756615
74.219.252.54,23.79.104.50,666,449.68951465375153,908,463,8.1673432923261,249.82750814097307
84.229.32.90,72.187.51.23,673,450.3501174891163,909,460,20.57333152495246,250.19450971617573
76.122.135.134,74.143.201.169,1428,450.9469347659693,910,335,6.935919941098603,250.52607486998292
175.209.98.125,54.200.15.130,1109,451.73337077085756,911,492,10.120042648154053,250.96298376158754
85.225.41.156,141.170.127.33,685,451.9178520643351,912,117,6.519679484879405,251.06547336907505
72.33.183.26,140.46.209.247,1337,452.495323274407,913,24,9.718822326693848,251.38629070800388
96.131.49.50,95.137.134.166,598,453.1077810416632,914,461,13.541906397252863,251.72654502314623
11.3.230.191,33.126.144.169,224,453.418543444536,915,498,11.024102625453052,251.89919080252
49.192.179.82,145.170.105.230,1157,453.8334431828884,916,53,8.754234243055697,252.1296906571602
61.76.105.57,194.17.244.106,335,454.66782872991945,917,464,10.918546812785312,252.59323818328858
211.34.80.183,114.196.253.153,1274,455.27267583669277,918,481,3.836427022329985,252.9292643537182
5.174.106.195,154.74.51.186,215,456.0535261545811,919,458,1.8922831292356797,253.36307008587838
202.52.146.156,206.185.241.68,429,456.75452952022704,920,94,7.857283875576019,253.75251640012613
17.91.141.209,135.173.90.232,481,457.31310143558886,921,280,5.733242603247465,254.0628341308827
142.155.80.121,47.241.124.165,1203,457.9846782774784,922,318,9.976848387154728,254.43593237637688
197.231.3.156,176.165.70.178,83,458.18275193539984,923,100,7.777848381919879,254.54597329744433
159.176.18.181,179.86.87.55,1093,458.45370146741715,924,140,4.103966599735141,254.69650081523173
7.211.19.233,69.165.28.157,1226,458.6342343773646,925,329,16.56558574056382,254.79679687631364
133.116.182.143,62.239.151.159,701,458.9932996412293,926,17,14.164512436393686,254.99627757846073
158.189.18.8,74.103.59.49,1224,459.02617154055173,927,430,2.489276621153084,255.01453974475095
103.4.146.25,187.120.70.123,668,459.782902669875,928,52,8.749967954970597,255.43494592770833
170.165.170.104,205.41.183.100,488,460.2963349868275,929,312,0.9327818019812778,255.72018610379305
5.230.148.79,171.61.17.169,243,460.36241272123897,930,368,14.599733500348819,255.75689595624385
101.53.86.40,143.242.27.17,880,460.7193609002973,931,331,7.326433675667338,255.95520050016518
208.136.7.56,182.79.65.56,1391,461.44514163104037,932,460,2.933944085057937,256.35841201724463
158.26.209.74,139.13.6.187,64,462.23969162452124,933,41,13.837014976708877,256.7998286802896
203.184.248.223,174.215.248.228,421,462.9026667163621,934,494,19.020969046428164,257.1681481757567
152.243.235.218,168.152.125.68,79,463.44264480239656,935,368,15.917295907700229,257.4681360013314
96.37.27.63,137.19.43.96,373,463.5826304650534,936,310,5.025115720808359,257.5459058139185
8.6.220.202,19.157.244.137,85,464.30248423578524,937,483,8.529875059543437,257.94582457543623
6.251.234.167,141.203.43.9,956,464.4428072635352,938,81,11.467739887752558,258.0237818130751
142.139.52.113,85.176.43.197,1208,464.7943605663694,939,43,8.459907504795225,258.21908920353854
130.100.235.113,109.240.209.254,763,465.0467665748743,940,131,3.986237607996409,258.35931476381904
38.228.242.74,152.7.22.156,690,465.1564952616133,941,212,13.323608499540734,258.4202751453407
187.81.175.99,3.86.50.148,122,465.46447570186353,942,95,20.162857174741625,258.59137538992417
98.60.36.69,65.161.145.169,64,465.85835318593786,943,212,17.729769525391482,258.8101962144099
183.163.111.26,12.81.224.173,1308,466.4882927882193,944,463,2.126771520309113,259.16016266012184
67.73.87.29,197.246.163.46,1440,466.54426649346254,945,154,15.123248642895335,259.1912591630347
215.210.200.93,164.183.239.57,107,467.12004216407774,946,351,4.476396790250116,259.5111345355987
141.5.241.80,104.68.165.167,1147,467.63381840380964,947,136,5.782582858733146,259.79656577989425
11.215.150.51,122.63.233.92,738,467.9446908400977,948,160,4.094001551274221,259.96927268894314
142.177.41.20,92.131.90.14,1298,468.8686899447333,949,239,16.984621646216763,260.48260552485186
107.12.102.17,186.45.156.84,194,469.7948710609781,950,207,10.410247389633607,260.9971505894323
135.80.214.166,46.242.203.92,309,470.6151119970626,951,316,20.942224123507213,261.4528399983681
42.228.246.233,158.85.103.0,1285,471.17407029553686,952,354,7.019102120852619,261.76337238640934
86.212.119.162,12.175.125.79,609,471.84028881052546,953,230,11.09685081053825,262.1334937836252
178.150.131.152,80.115.71.97,1291,472.56750159837134,954,280,5.0531909838270135,262.5375008879841
148.137.2.203,131.166.142.34,850,473.1463231199266,955,104,0.8694814981148993,262.8590683999592
108.118.250.39,36.231.248.192,1063,473.3533015040834,956,109,16.9337440869881,262.97405639115743
60.29.12.19,51.104.221.91,1331,474.0724498289078,957,458,18.79721179770938,263.3735832382821
108.1.104.47,132.84.215.176,941,474.07795941930914,958,218,20.920498612861376,263.3766441218384
47.174.93.228,91.127.82.164,395,474.2686733841409,959,202,12.094893916474325,263.4825963245227
43.157.180.47,6.249.64.42,1425,474.52334639805684,960,438,3.081443665606827,263.6240813322538
89.88.162.44,17.35.219.186,332,474.72223740295885,961,236,16.28591791220438,263.73457633497713
106.218.85.195,96.2.63.66,421,474.94118555080973,962,411,5.412496392562538,263.8562141948943
137.222.97.229,43.29.90.32,283,475.6739601579604,963,98,12.842329855679319,264.26331119886686
47.107.117.105,56.235.231.97,1166,476.54268396281805,964,22,14.57926878624452,264.74593553489893
79.26.28.225,196.35.184.55,1390,477.4918431378783,965,468,18.89382522264343,265.27324618771013
68.209.187.0,18.95.180.152,450,477.89505357285185,966,349,6.273567532564644,265.4972519849177
19.154.243.32,148.35.154.9,104,478.7994898706705,967,400,18.830266994833796,265.99971659481696
8.236.115.220,81.221.83.249,1486,479.54774520549296,968,425,20.736992203763965,266.41541400305164
20.65.16.225,106.17.141.8,551,480.0514177129319,969,411,2.135561530441894,266.69523206273993
66.115.97.14,87.254.254.189,1390,480.7039800808123,970,308,17.057091686418733,267.0577667115624
168.201.119.184,145.0.60.195,796,481.63728521307394,971,446,4.1389573474511945,267.5762695628188
10.157.141.13,137.100.72.244,1338,481.78024922795873,972,189,12.668056564792334,267.6556940155326
150.197.189.170,83.120.152.10,1238,481.8032453410807,973,115,4.085683073343318,267.66846963393374
26.213.115.48,48.164.162.28,1374,482.14946100273335,974,211,11.101467267570666,267.8608116681852
188.148.115.239,135.222.145.166,1445,482.7282619529744,975,101,14.11431060903382,268.1823677516524
26.34.59.69,114.184.2.154,184,483.1378304975693,976,55,17.66319233615258,268.40990583198294
111.204.73.183,62.26.20.72,549,483.7643189133879,977,466,14.725084150715897,268.75795495188214
159.250.80.100,90.218.38.19,777,484.62984486124697,978,139,4.085080394771799,269.23880270069276
207.155.19.189,72.25.103.47,806,485.21873029473346,979,170,8.319476472192394,269.56596127485193
101.255.216.145,20.255.115.54,935,486.0964517090654,980,479,15.337833935441347,270.0535842828141
187.43.196.27,107.183.220.97,810,486.5748382002328,981,349,8.854057537105446,270.31935455568487
19.1.189.172,189.214.119.37,194,487.13279407874086,982,241,15.063900626434448,270.6293300437449
80.70.196.123,171.158.206.125,437,487.42798717289276,983,27,12.892615700905532,270.79332620716264
68.23.114.115,79.160.165.73,1076,487.7221325699638,984,171,15.063923183777751,270.9567403166465
104.167.168.112,216.213.130.147,1360,488.5989127977146,985,375,14.801708257211462,271.4438404431748
147.46.6.109,97.5.249.254,1183,488.7568343215754,986,359,13.864951474171448,271.53157462309747
43.131.70.193,82.208.250.69,535,489.6264780449919,987,452,9.816281831234157,272.0147100249955
191.108.41.1,10.174.186.137,839,490.54338631323157,988,201,13.460636211011737,272.52410350735084
112.91.195.149,72.120.205.43,169,490.62199469432005,989,101,3.463000114583343,272.5677748301778
195.250.60.201,28.174.157.10,342,491.2670618421857,990,48,7.785857008165363,272.92614546788093
82.238.129.45,70.102.176.24,633,492.13894665224603,991,316,13.609140795026246,273.41052591791447
42.117.242.218,27.190.237.238,468,492.1923062281302,992,433,20.650564462942942,273.44017012673896
15.182.108.175,168.197.52.113,617,492.27263268016003,993,455,6.192822967575233,273.4847959334222
13.118.233.139,104.255.118.102,400,492.4737830512826,994,468,7.9271561425763775,273.59654613960146
202.124.26.90,51.37.222.134,422,492.5491989226602,995,376,14.144513001359696,273.6384438459223
8.165.151.90,43.103.44.121,929,493.1882030949368,996,91,15.0288546063035,273.9934461638538
104.101.218.192,99.58.139.220,1219,493.8683746227029,997,497,3.5424500680816884,274.3713192348349
94.155.96.34,216.36.118.142,1044,494.33005633278555,998,405,4.901778860676584,274.62780907376975
59.181.108.166,69.142.170.2,655,494.53009669811365,999,49,3.0317104764283456,274.73894261006313
