,Address
0,192.240.10.101
1,192.240.10.102
2,192.240.10.103
3,192.240.10.104
4,192.240.10.105
5,192.240.10.106
6,192.240.10.107
7,192.240.10.108
8,192.240.10.109
9,192.240.10.110
10,192.0.10.111
11,192.0.10.112
12,192.0.10.113
13,192.0.10.114
14,192.0.10.115
15,192.0.10.116
16,192.0.10.117
17,192.0.10.118
18,192.0.10.119
19,192.0.10.120
20,192.240.10.1
21,192.240.10.2
22,192.240.10.3
23,192.240.10.4
24,192.240.10.5
25,192.0.10.6
26,192.0.10.7
27,192.0.10.8
28,192.0.10.9
29,192.0.10.10
30,192.240.1.1
31,192.240.1.2
32,192.240.1.3
33,192.240.1.4
34,192.240.1.5
35,192.0.1.6
36,192.0.1.7
37,192.0.1.8
38,192.0.1.9
39,192.0.1.10
40,192.240.2.1
41,192.240.2.2
42,192.240.2.3
43,192.240.2.4
44,192.240.2.5
45,192.0.2.6
46,192.0.2.7
47,192.0.2.8
48,192.0.2.9
49,192.0.2.10
50,192.240.3.1
51,192.240.3.2
52,192.240.3.3
53,192.240.3.4
54,192.240.3.5
55,192.0.3.6
56,192.0.3.7
57,192.0.3.8
58,192.0.3.9
59,192.0.3.10
