Source,Destination,Size,Arrival Time,Flow ID,Packets,Duration(sec),Arrival Time/1.8
54.239.99.169,45.134.185.74,74,0,0,15,0.6818181818,0
13.224.98.73,13.33.29.77,534,0.7300293954,1,43,1.9545454545,0.4055718863
13.227.146.76,158.51.108.149,673,0.7884188784,2,52,2.3636363636,0.438010488
13.248.119.0,13.224.119.146,113,1.1498706138,3,17,0.7727272727,0.6388170077
65.8.158.118,3.97.153.8,293,3.1048007571,4,28,1.2727272727,1.7248893095
71.152.118.11,52.46.63.83,77,6.334749962,5,15,0.6818181818,3.5193055344
70.132.55.40,170.72.253.229,109,6.7438923849,6,17,0.7727272727,3.7466068805
170.176.200.212,194.165.43.81,74,7.0353051538,7,15,0.6818181818,3.9085028632
94.140.18.191,52.94.91.128,1764,7.303749745,8,120,5.4545454545,4.0576387472
144.220.131.155,13.227.192.33,57,7.8161929299,9,14,0.6363636364,4.3423294055
23.249.218.165,52.219.25.111,55,8.7058307818,10,13,0.5909090909,4.8365726566
64.252.155.162,193.37.132.102,2028,9.1462796632,11,137,6.2272727273,5.0812664796
130.176.53.32,104.193.207.67,909,10.1272181725,12,67,3.0454545455,5.6262323181
45.134.185.67,13.33.95.67,67,10.2116853027,13,14,0.6363636364,5.6731585015
66.81.227.192,185.144.16.94,443,10.2301021375,14,38,1.7272727273,5.6833900764
54.230.221.6,54.64.155.135,109,12.5007475446,15,17,0.7727272727,6.944859747
54.239.160.176,54.230.189.95,219,13.6242862372,16,24,1.0909090909,7.5690479096
130.137.112.135,54.230.164.220,145,13.8508056223,17,19,0.8636363636,7.6948920124
15.185.45.20,13.249.158.155,50,14.7497103534,18,13,0.5909090909,8.1942835297
99.86.122.182,13.249.240.174,263,15.1345816385,19,26,1.1818181818,8.4081009103
64.238.2.235,142.0.190.231,87,15.2492776084,20,15,0.6818181818,8.4718208936
143.204.57.219,52.85.101.49,3676,18.0376858638,21,240,10.9090909091,10.020936591
13.32.60.39,99.84.38.206,138,18.0395138053,22,19,0.8636363636,10.0219521141
54.182.253.252,130.137.105.7,1764,19.3651141924,23,120,5.4545454545,10.7583967736
185.66.203.78,71.152.3.249,1623,19.8182556929,24,111,5.0454545455,11.0101420516
15.193.3.192,52.31.72.129,62,20.6962885667,25,14,0.6363636364,11.4979380926
130.176.34.95,54.239.167.237,2028,21.2322351379,26,137,6.2272727273,11.7956861877
54.240.196.67,54.192.70.25,67,22.3372199509,27,14,0.6363636364,12.4095666394
54.192.55.53,54.182.154.164,81,25.5886735609,28,15,0.6818181818,14.2159297561
164.153.134.65,52.95.169.145,119,25.7923924637,29,17,0.7727272727,14.3291069243
144.220.66.250,13.226.234.100,52,25.8666770328,30,13,0.5909090909,14.3703761293
45.134.185.242,52.124.215.148,7307,26.1042498182,31,467,21.2272727273,14.5023610101
52.84.58.102,13.248.127.65,53,26.5329095222,32,13,0.5909090909,14.7405052901
71.152.116.31,52.85.70.226,93,26.7555874892,33,16,0.7272727273,14.8642152718
130.176.53.45,103.149.112.232,2701,28.9571964738,34,179,8.1363636364,16.0873313743
130.176.17.140,13.227.142.203,62,30.482472232,35,14,0.6363636364,16.9347067956
13.224.202.220,18.153.90.217,6195,30.7368867045,36,397,18.0454545455,17.0760481692
54.192.160.183,52.119.197.195,2316,32.1240617404,37,155,7.0454545455,17.8467009669
70.132.13.138,71.152.90.14,119,32.5964626311,38,17,0.7727272727,18.1091459062
144.220.49.131,54.239.99.214,90,33.3212083829,39,16,0.7272727273,18.5117824349
74.221.137.60,35.159.244.235,52,34.4699506387,40,13,0.5909090909,19.1499725771
52.46.37.224,176.32.126.227,202,35.6065789932,41,23,1.0454545455,19.781432774
129.41.77.202,202.44.121.156,63,36.6428379696,42,14,0.6363636364,20.3571322053
13.249.122.112,13.226.108.48,72,36.7789303534,43,15,0.6818181818,20.4327390852
54.239.119.145,99.86.171.238,62,38.8905174526,44,14,0.6363636364,21.6058430292
54.182.145.157,65.9.119.62,145,40.1291313941,45,19,0.8636363636,22.2939618856
13.226.196.18,15.177.14.255,154,42.2664215408,46,20,0.9090909091,23.4813453004
99.86.249.83,143.204.195.92,70,48.1648184384,47,14,0.6363636364,26.7582324658
13.32.62.153,194.42.104.234,239,48.3610605078,48,25,1.1363636364,26.8672558377
170.176.153.167,99.86.187.127,55,49.4692900158,49,13,0.5909090909,27.4829388977
46.51.234.84,99.77.130.70,673,49.6162021688,50,52,2.3636363636,27.5645567604
13.227.125.204,143.204.130.48,87,51.3998710412,51,15,0.6818181818,28.5554839118
99.84.226.163,52.12.102.99,3114,51.6515987957,52,205,9.3181818182,28.6953326643
65.9.158.13,45.136.241.149,59,52.5285867592,53,14,0.6363636364,29.1825481996
136.184.232.60,54.230.147.179,2028,52.6418888563,54,137,6.2272727273,29.2454938091
202.160.117.206,68.66.123.90,909,54.1994795424,55,67,3.0454545455,30.110821968
13.33.117.150,130.176.97.135,109,54.3475594237,56,17,0.7727272727,30.1930885687
52.221.47.207,144.220.5.13,1803,54.9753206702,57,123,5.5909090909,30.5418448168
157.166.135.149,52.68.20.230,187,57.1109861927,58,22,1,31.7283256626
52.46.180.167,143.204.105.57,175,57.3329904129,59,21,0.9545454545,31.8516613405
54.239.132.174,52.85.63.116,5757,57.7448571564,60,370,16.8181818182,32.080476198
13.226.148.57,99.150.34.176,443,58.2182442063,61,38,1.7272727273,32.3434690035
52.46.43.82,65.8.112.153,131,58.3047913589,62,18,0.8181818182,32.3915507549
52.84.219.35,15.221.16.176,1727,60.343098442,63,118,5.3636363636,33.5239435789
65.9.44.247,44.252.198.79,61,63.6843989098,64,14,0.6363636364,35.3802216166
139.180.250.75,99.83.83.50,2701,64.0277120728,65,179,8.1363636364,35.5709511516
65.9.46.135,104.171.198.27,79,64.9534405744,66,15,0.6818181818,36.0852447636
188.95.142.52,216.137.38.25,673,65.1014748595,67,52,2.3636363636,36.1674860331
144.220.81.141,52.124.146.88,70,65.7987383355,68,14,0.6363636364,36.5548546308
99.86.138.173,3.2.3.9,51,65.8045574391,69,13,0.5909090909,36.5580874662
194.42.97.237,52.94.242.74,61,69.9629739599,70,14,0.6363636364,38.8683188666
69.169.237.111,13.248.117.9,68,70.7275930249,71,14,0.6363636364,39.2931072361
136.184.233.22,54.192.65.190,124,71.8402540425,72,18,0.8181818182,39.9112522458
52.124.219.23,165.225.100.144,263,72.33381976,73,26,1.1818181818,40.1854554222
103.145.182.81,54.228.21.202,57,72.9373950764,74,14,0.6363636364,40.5207750424
13.33.132.59,130.176.134.90,81,73.3834953065,75,15,0.6818181818,40.7686085036
52.85.162.162,71.152.8.46,534,74.6098766095,76,43,1.9545454545,41.4499314497
52.124.176.148,65.8.106.126,219,75.1581217088,77,24,1.0909090909,41.7545120604
70.132.6.12,64.252.191.126,2080,76.252250794,78,140,6.3636363636,42.3623615522
64.252.188.156,168.100.84.17,53,77.6010480492,79,13,0.5909090909,43.1116933607
54.182.248.223,54.232.141.216,187,79.4003580539,80,22,1,44.1113100299
137.83.202.215,45.88.30.21,1656,79.9970493938,81,114,5.1818181818,44.4428052188
52.94.241.142,52.85.33.99,62,80.4066574816,82,14,0.6363636364,44.6703652676
155.63.222.30,54.192.65.235,57,80.9036644592,83,14,0.6363636364,44.9464802551
91.230.237.97,52.84.191.28,2384,81.7323445173,84,159,7.2272727273,45.4068580652
52.222.202.155,216.137.56.124,7307,82.9395573949,85,467,21.2272727273,46.0775318861
52.46.54.166,64.252.178.4,1803,83.9666541619,86,123,5.5909090909,46.6481412011
52.85.85.201,13.226.15.117,145,84.2644233338,87,19,0.8636363636,46.8135685188
54.182.229.85,176.32.104.148,53,85.5424790943,88,13,0.5909090909,47.5235994968
52.85.23.252,13.226.216.169,77,86.2330374304,89,15,0.6818181818,47.9072430169
157.167.141.197,52.94.114.242,2614,87.4859220858,90,173,7.8636363636,48.6032900477
37.221.74.178,130.176.27.211,3372,87.6908659372,91,221,10.0454545455,48.7171477429
54.240.190.24,52.85.129.36,3676,88.0252190994,92,240,10.9090909091,48.9028994997
52.124.176.32,216.137.58.166,164,88.6071049649,93,20,0.9090909091,49.2261694249
52.95.163.59,54.182.207.27,673,89.1729897779,94,52,2.3636363636,49.5405498766
103.238.120.196,52.74.6.192,154,89.1843711871,95,20,0.9090909091,49.5468728817
52.84.56.90,13.225.151.142,70,92.4293895283,96,14,0.6363636364,51.3496608491
157.166.212.179,99.150.98.22,97,93.2813135446,97,16,0.7272727273,51.8229519692
70.132.7.28,205.251.241.144,52,93.5292617717,98,13,0.5909090909,51.9607009843
72.167.168.9,144.220.84.178,109,96.1353433471,99,17,0.7727272727,53.4085240817
13.224.137.80,15.197.225.246,164,97.8825606712,100,20,0.9090909091,54.3792003729
64.252.130.12,64.252.121.190,175,98.9395426904,101,21,0.9545454545,54.9664126058
3.5.158.109,205.251.199.17,263,100.6655428546,102,26,1.1818181818,55.9253015859
91.230.237.64,13.32.111.175,534,101.0105221912,103,43,1.9545454545,56.1169567729
104.255.60.154,13.225.195.87,4042,102.9367338343,104,263,11.9545454545,57.1870743524
13.32.4.54,144.220.139.13,104,103.0723626281,105,17,0.7727272727,57.2624236823
70.132.5.215,185.255.32.49,81,103.6670465564,106,15,0.6818181818,57.5928036424
64.252.86.189,65.9.91.88,138,103.7371193483,107,19,0.8636363636,57.6317329713
23.251.224.9,13.226.156.79,3114,105.3388961936,108,205,9.3181818182,58.5216089964
52.218.18.216,13.224.159.216,16509,105.9253211876,109,1042,47.3636363636,58.8474006598
52.46.36.132,13.33.124.227,7307,106.7114056394,110,467,21.2272727273,59.2841142441
130.176.33.121,85.236.140.224,53,107.3992275457,111,13,0.5909090909,59.6662375254
71.152.59.15,144.220.28.243,57,108.9504662458,112,14,0.6363636364,60.5280368032
52.46.184.128,54.230.100.46,8028,109.8466923604,113,512,23.2727272727,61.0259402002
170.89.152.177,99.84.32.158,330,110.1098216515,114,31,1.4090909091,61.1721231397
52.85.250.196,52.66.233.51,54,110.9948672041,115,13,0.5909090909,61.6638151134
13.249.215.61,205.251.200.97,154,111.0590119513,116,20,0.9090909091,61.6994510841
144.220.117.209,99.84.183.188,2134,111.1800565087,117,143,6.5,61.7666980604
54.192.14.96,54.239.195.192,8906,114.4288432253,118,567,25.7727272727,63.5715795696
13.35.205.77,52.92.72.252,138,114.6630357774,119,19,0.8636363636,63.701686543
54.230.189.105,104.218.202.233,63,114.6728934913,120,14,0.6363636364,63.7071630507
177.71.180.200,71.152.6.13,1979,114.8661058997,121,134,6.0909090909,63.8145032776
54.232.105.99,142.202.37.22,54,115.4468795126,122,13,0.5909090909,64.1371552848
192.184.71.80,3.101.137.106,3372,117.0725765167,123,221,10.0454545455,65.0403202871
13.224.249.16,65.8.66.184,8906,117.1849081496,124,567,25.7727272727,65.1027267498
54.230.108.155,54.230.124.204,3850,117.6486334091,125,251,11.4090909091,65.3603518939
52.94.14.41,23.249.222.76,62,117.6682710011,126,14,0.6363636364,65.3712616673
13.35.251.122,71.152.105.153,65,117.8011921122,127,14,0.6363636364,65.445106729
52.67.82.216,13.33.109.79,104,118.2724709374,128,17,0.7727272727,65.7069282986
52.84.128.64,52.84.70.184,56452,118.6889168926,129,3538,160.8181818182,65.9382871626
99.86.105.17,52.94.207.218,6195,118.8030843365,130,397,18.0454545455,66.0017135203
192.206.207.158,130.176.5.75,378,119.1189998839,131,34,1.5454545455,66.1772221577
104.255.57.31,162.249.117.29,909,119.5975275819,132,67,3.0454545455,66.4430708788
65.8.40.190,185.49.143.254,2192,120.9596774308,133,147,6.6818181818,67.1998207949
13.224.188.154,185.195.1.42,50,121.4633384115,134,13,0.5909090909,67.4796324508
45.42.136.40,52.94.30.193,7307,124.4708048885,135,467,21.2272727273,69.1504471603
13.227.102.38,64.252.166.129,443,125.4526914973,136,38,1.7272727273,69.6959397207
148.5.64.21,64.252.105.57,1503,128.2852463476,137,104,4.7272727273,71.2695813042
3.5.250.198,99.86.185.19,175,128.9898621513,138,21,0.9545454545,71.6610345285
194.53.201.52,54.192.114.182,2028,129.7810782628,139,137,6.2272727273,72.1005990349
65.9.32.158,130.176.40.112,54,130.450824713,140,13,0.5909090909,72.4726803961
54.239.133.31,15.177.79.66,138,132.7366137561,141,19,0.8636363636,73.7425631978
99.82.157.120,54.182.137.247,4253,132.8147863652,142,276,12.5454545455,73.7859924251
99.77.153.223,70.132.39.51,1887,132.9271197209,143,128,5.8181818182,73.8483998449
13.226.183.112,202.160.115.76,81,133.4715534558,144,15,0.6818181818,74.150863031
52.95.175.62,99.84.169.52,62,133.5759431923,145,14,0.6363636364,74.2088573291
54.230.127.136,52.84.86.32,2028,133.6153096775,146,137,6.2272727273,74.2307275986
130.176.25.227,13.32.142.73,4253,134.7514299842,147,276,12.5454545455,74.8619055468
168.100.88.241,13.249.182.119,138,136.1418171785,148,19,0.8636363636,75.6343428769
202.173.24.150,13.33.156.102,1764,138.3271138076,149,120,5.4545454545,76.8483965598
168.100.100.109,70.132.4.104,2316,139.4070659012,150,155,7.0454545455,77.4483699451
99.84.162.12,52.46.47.48,3518,141.518805791,151,230,10.4545454545,78.6215587728
52.222.168.80,185.75.62.53,59,142.9497230026,152,14,0.6363636364,79.4165127792
159.148.136.104,54.192.93.34,68,143.9621466925,153,14,0.6363636364,79.9789703847
144.220.6.157,68.70.127.205,263,145.4732915875,154,26,1.1818181818,80.8184953264
104.207.174.54,70.132.9.50,104,147.6391220945,155,17,0.7727272727,82.0217344969
13.225.203.25,52.124.245.103,443,147.723822863,156,38,1.7272727273,82.0687904794
130.137.79.69,99.78.176.73,77,148.4566876851,157,15,0.6818181818,82.4759376028
52.42.54.232,52.95.111.88,175,153.7344834934,158,21,0.9545454545,85.4080463852
99.86.91.88,13.32.60.132,81,154.4511963206,159,15,0.6818181818,85.8062201781
70.132.13.226,99.82.165.5,51,157.5474641308,160,13,0.5909090909,87.5263689616
52.219.58.231,13.226.212.222,2080,159.269346772,161,140,6.3636363636,88.4829704289
159.148.137.129,78.108.124.148,1887,160.1809415068,162,128,5.8181818182,88.9894119482
130.176.149.134,52.94.69.147,1450,161.5266748804,163,101,4.5909090909,89.7370416002
216.137.45.46,54.76.105.4,2252,162.6050263205,164,151,6.8636363636,90.3361257336
15.221.27.87,52.129.105.125,55,164.493732734,165,13,0.5909090909,91.3854070744
65.8.113.78,143.204.165.168,119,165.612481075,166,17,0.7727272727,92.0069339306
13.248.1.208,71.152.104.209,59,166.9290235107,167,14,0.6363636364,92.7383463948
13.32.3.174,13.224.25.164,51,168.8950924823,168,13,0.5909090909,93.8306069346
103.229.9.43,13.224.122.133,5376,171.0743376195,169,346,15.7272727273,95.0412986775
13.35.251.209,143.204.182.92,3238,171.9004570064,170,212,9.6363636364,95.5002538924
103.16.59.155,198.251.184.65,443,172.5584297842,171,38,1.7272727273,95.8657943246
205.201.44.154,54.231.0.107,72,173.0321133262,172,15,0.6818181818,96.1289518479
136.184.227.151,52.46.240.248,131,175.2963828939,173,18,0.8181818182,97.3868793855
35.161.112.121,15.165.19.233,1803,176.3497986317,174,123,5.5909090909,97.9721103509
99.78.160.121,13.112.166.46,175,176.6288984355,175,21,0.9545454545,98.1271657975
23.251.247.11,65.9.97.77,175,176.8018406012,176,21,0.9545454545,98.2232447784
65.9.109.40,54.230.91.102,72,179.9356105103,177,15,0.6818181818,99.9642280613
44.233.146.88,143.204.112.18,62,181.0603508612,178,14,0.6363636364,100.5890838118
13.35.54.73,70.132.15.20,52,181.4898103936,179,13,0.5909090909,100.8276724409
52.94.8.205,70.132.28.62,293,182.6039075101,180,28,1.2727272727,101.4466152834
64.252.145.187,64.252.189.56,84,183.0813911426,181,15,0.6818181818,101.7118839681
104.255.59.75,104.255.59.59,93,183.225651044,182,16,0.7272727273,101.7920283578
13.249.112.38,54.192.104.231,68,183.5213419472,183,14,0.6363636364,101.9563010818
13.35.57.132,46.19.169.129,113,185.0877198425,184,17,0.7727272727,102.8265110236
15.177.69.48,13.32.169.62,219,186.6219897318,185,24,1.0909090909,103.6788831843
70.132.31.71,13.32.82.98,1932,186.8201820896,186,131,5.9545454545,103.7889900498
99.82.159.110,13.225.212.244,3372,187.7790006461,187,221,10.0454545455,104.3216670256
3.5.133.22,13.33.0.55,1450,188.1480596183,188,101,4.5909090909,104.5266997879
52.216.234.30,52.124.220.199,3114,189.4447472164,189,205,9.3181818182,105.2470817869
130.176.120.63,208.91.37.58,2384,189.783468623,190,159,7.2272727273,105.4352603461
99.86.113.79,54.192.103.86,4253,190.3645167918,191,276,12.5454545455,105.7580648843
54.230.147.119,99.84.34.7,90,192.4401273812,192,16,0.7272727273,106.9111818784
27.0.3.177,13.35.153.106,673,195.2073718074,193,52,2.3636363636,108.448539893
52.85.63.81,98.142.155.19,2456,195.620393322,194,164,7.4545454545,108.67799629
13.248.159.61,52.95.239.60,6705,197.587358846,195,429,19.5,109.7707549144
52.219.136.24,65.9.154.208,2893,198.0993218107,196,191,8.6818181818,110.0551787837
13.32.93.166,99.84.254.157,1400,199.8695327366,197,98,4.4545454545,111.0386292981
208.91.37.5,13.224.143.237,3238,199.9534962842,198,212,9.6363636364,111.0852757134
136.184.232.97,130.176.6.161,63,200.9675330955,199,14,0.6363636364,111.6486294975
70.132.43.83,15.177.85.252,53,201.201404878,200,13,0.5909090909,111.7785582656
63.35.74.121,144.220.61.201,293,203.8920165447,201,28,1.2727272727,113.2733425248
13.35.156.137,52.119.192.103,263,204.2484316329,202,26,1.1818181818,113.4713509072
70.132.62.163,15.193.8.217,8028,204.3650050939,203,512,23.2727272727,113.5361139411
18.228.217.24,13.227.39.16,119,205.3782227963,204,17,0.7727272727,114.0990126646
99.82.144.232,13.227.149.154,68,205.7043436494,205,14,0.6363636364,114.2801909163
52.92.40.229,35.152.181.139,77,205.7619281096,206,15,0.6818181818,114.3121822831
52.84.166.145,13.249.194.221,239,206.6497443589,207,25,1.1363636364,114.8054135327
13.227.154.233,185.20.4.160,1803,207.2450045286,208,123,5.5909090909,115.136113627
52.217.143.60,216.137.41.35,263,209.8360044102,209,26,1.1818181818,116.5755580057
13.39.58.214,52.124.237.174,138,212.2698308501,210,19,0.8636363636,117.9276838056
99.86.121.185,98.142.155.116,138,212.7283058926,211,19,0.8636363636,118.1823921626
52.26.104.164,76.223.161.17,1476,213.1344221106,212,102,4.6363636364,118.4080122837
67.226.222.185,185.64.73.67,51,214.0661141962,213,13,0.5909090909,118.9256189979
15.152.33.59,139.180.243.77,55,214.2471811,214,13,0.5909090909,119.0262117222
54.239.2.5,70.132.11.25,1727,214.536756644,215,118,5.3636363636,119.1870870244
13.33.104.210,23.251.225.237,1764,215.247906254,216,120,5.4545454545,119.5821701411
69.169.236.248,143.204.59.249,2999,216.4977182276,217,197,8.9545454545,120.2765101264
52.85.254.173,54.239.144.28,55,217.8360988204,218,13,0.5909090909,121.0200549002
99.78.210.246,64.252.188.236,1476,218.4740872625,219,102,4.6363636364,121.3744929236
13.35.139.133,13.33.5.71,219,219.0950779038,220,24,1.0909090909,121.7194877243
52.85.202.241,130.176.109.109,378,219.3136624717,221,34,1.5454545455,121.8409235954
54.182.240.243,65.9.156.252,19231,223.0985461791,222,1212,55.0909090909,123.9436367662
15.177.26.16,52.222.243.27,113,223.8737487582,223,17,0.7727272727,124.3743048657
13.224.189.142,65.8.214.91,1803,224.2087373803,224,123,5.5909090909,124.5604096557
54.182.206.210,65.8.186.220,2080,224.3250932502,225,140,6.3636363636,124.6250518057
13.35.193.16,54.239.171.229,1844,225.3278655029,226,125,5.6818181818,125.1821475016
54.182.151.207,91.208.21.157,1476,227.637971793,227,102,4.6363636364,126.465539885
144.220.80.98,65.9.68.193,68,228.385913704,228,14,0.6363636364,126.8810631689
144.220.5.99,103.16.56.76,2701,230.8807370993,229,179,8.1363636364,128.2670761663
164.55.243.250,130.176.132.89,3238,231.7197458334,230,212,9.6363636364,128.7331921297
205.251.249.83,104.193.207.237,52,232.1832579029,231,13,0.5909090909,128.9906988349
185.49.143.16,3.111.226.48,74,233.6605511412,232,15,0.6818181818,129.8114173007
52.46.10.46,13.32.10.15,164,233.9713284377,233,20,0.9090909091,129.9840713543
65.9.159.145,54.95.46.33,154,236.5471974068,234,20,0.9090909091,131.4151096704
89.22.193.34,13.225.16.206,1400,236.7222379838,235,98,4.4545454545,131.5123544354
3.5.229.77,144.220.55.205,93,236.7660561741,236,16,0.7272727273,131.5366978745
64.252.78.156,195.191.165.122,3518,237.1724661552,237,230,10.4545454545,131.7624811973
99.84.192.82,54.192.226.74,74,237.9819621721,238,15,0.6818181818,132.2122012067
52.75.147.195,199.47.80.205,70,242.1300049161,239,14,0.6363636364,134.5166693978
13.225.117.168,54.239.99.107,909,242.9516542144,240,67,3.0454545455,134.9731412302
195.42.240.81,198.176.126.177,7307,244.2253140757,241,467,21.2272727273,135.6807300421
107.161.32.133,64.252.189.182,65,244.5098866452,242,14,0.6363636364,135.838825914
54.182.201.27,52.95.124.151,104,245.1110059034,243,17,0.7727272727,136.1727810574
52.94.22.5,52.95.174.185,62,246.725780487,244,14,0.6363636364,137.0698780483
27.0.3.79,54.230.195.38,131,247.88179448,245,18,0.8181818182,137.7121080444
13.224.125.92,54.192.102.113,187,248.4756897527,246,22,1,138.0420498626
23.251.224.212,52.84.194.65,109,248.7531737923,247,17,0.7727272727,138.1962076624
52.94.205.118,144.220.64.132,58,249.8181744865,248,14,0.6363636364,138.7878747147
13.224.0.184,65.9.4.56,443,249.8970918875,249,38,1.7272727273,138.8317177153
99.84.32.194,168.100.90.97,81,250.6267841059,250,15,0.6818181818,139.2371022811
52.84.57.209,52.92.16.210,51,251.2734084386,251,13,0.5909090909,139.5963380214
176.34.144.141,52.119.217.213,113,251.3235982281,252,17,0.7727272727,139.6242212378
143.204.25.241,54.199.244.212,109,251.431895986,253,17,0.7727272727,139.6843866589
52.94.13.97,130.176.125.26,84,251.9270085765,254,15,0.6818181818,139.9594492092
198.251.168.96,52.46.19.223,202,253.9218352304,255,23,1.0454545455,141.0676862391
130.176.151.99,159.140.141.54,909,254.3392714081,256,67,3.0454545455,141.2995952267
71.152.74.215,170.89.159.149,51,255.8522361003,257,13,0.5909090909,142.1401311668
54.240.5.212,52.84.72.135,104,257.9332514456,258,17,0.7727272727,143.2962508031
99.84.16.58,99.77.140.183,104,258.278227874,259,17,0.7727272727,143.4879043744
52.92.63.170,52.85.154.35,50,259.6469413072,260,13,0.5909090909,144.2483007262
207.230.151.71,52.46.41.59,2793,260.2889716845,261,185,8.4090909091,144.6049842692
54.246.115.224,144.220.109.115,62,262.8005168293,262,14,0.6363636364,146.0002871274
54.239.98.172,194.30.175.77,63,265.8091221603,263,14,0.6363636364,147.6717345335
64.252.183.117,70.132.5.95,104,266.4422079772,264,17,0.7727272727,148.0234488762
54.192.7.220,54.192.163.205,1844,266.5308489536,265,125,5.6818181818,148.0726938631
130.176.71.238,54.192.1.196,3114,266.6324437075,266,205,9.3181818182,148.1291353931
70.132.30.200,13.249.140.241,74,266.8278490513,267,15,0.6818181818,148.2376939174
45.155.99.35,143.204.13.199,81,266.9268583343,268,15,0.6818181818,148.2926990746
18.188.235.81,52.124.233.71,1623,270.0826111128,269,111,5.0454545455,150.0458950627
52.84.162.199,54.240.225.47,164,270.2802831569,270,20,0.9090909091,150.1557128649
13.248.37.91,99.82.167.23,4487,273.8674022302,271,290,13.1818181818,152.1485567946
99.84.215.147,52.124.174.157,2793,274.1771832861,272,185,8.4090909091,152.3206573812
130.176.185.28,137.83.210.205,131,274.6614742245,273,18,0.8181818182,152.5897079025
71.152.7.241,99.77.141.87,145,276.8318511993,274,19,0.8636363636,153.7954728885
52.95.242.197,13.33.14.229,93,277.3559071128,275,16,0.7272727273,154.0866150627
192.153.76.128,3.5.250.229,8028,277.4754245363,276,512,23.2727272727,154.1530136313
52.95.14.16,13.224.61.100,187,279.7119028191,277,22,1,155.3955015662
52.219.140.42,52.95.182.109,293,282.2405793068,278,28,1.2727272727,156.8003218371
142.202.46.62,13.33.2.93,81,284.1597839809,279,15,0.6818181818,157.8665466561
52.46.55.242,104.192.141.170,74,284.3262137485,280,15,0.6818181818,157.9590076381
5.183.207.1,13.33.126.3,100,285.564513799,281,16,0.7272727273,158.6469521106
54.230.166.146,122.252.146.227,330,287.3097984846,282,31,1.4090909091,159.6165547137
13.249.45.87,52.219.170.199,4253,287.5888976111,283,276,12.5454545455,159.7716097839
71.152.17.25,104.192.143.205,2252,287.7943387161,284,151,6.8636363636,159.8857437312
99.84.85.251,13.225.9.153,70,291.575468766,285,14,0.6363636364,161.9863715367
13.32.51.19,54.182.223.214,104,291.6041818168,286,17,0.7727272727,162.0023232316
130.137.178.75,45.159.123.67,145,292.1003801457,287,19,0.8636363636,162.2779889698
13.32.71.111,65.9.87.43,51,292.11763937,288,13,0.5909090909,162.2875774278
54.230.87.236,103.165.160.76,239,292.8189195241,289,25,1.1363636364,162.6771775134
99.82.132.52,13.224.131.196,81,293.2569363735,290,15,0.6818181818,162.9205202075
170.89.144.33,66.206.173.199,145,293.5492591661,291,19,0.8636363636,163.0829217589
54.232.9.70,54.230.7.115,90,293.8869388485,292,16,0.7272727273,163.2705215825
99.78.172.185,13.226.214.134,5757,295.7921607808,293,370,16.8181818182,164.3289782116
71.152.106.243,13.226.161.210,104,295.8838040524,294,17,0.7727272727,164.3798911402
99.77.190.165,170.89.181.248,84,296.3461721134,295,15,0.6818181818,164.6367622852
71.152.92.19,99.86.187.11,93,296.4859132763,296,16,0.7272727273,164.7143962646
144.220.92.69,13.33.156.148,6705,296.6388625314,297,429,19.5,164.799368073
13.226.117.45,162.221.182.70,5757,296.7728033614,298,370,16.8181818182,164.8737796452
170.89.132.83,71.152.87.51,62,297.3012380373,299,14,0.6363636364,165.1673544652
13.35.185.52,3.101.12.68,145,297.7409131144,300,19,0.8636363636,165.4116183969
52.47.167.227,45.151.69.108,1844,300.0197251095,301,125,5.6818181818,166.6776250608
165.1.164.193,13.35.92.143,81,300.6839745564,302,15,0.6818181818,167.0466525313
54.230.35.36,23.249.215.170,81,300.9899209202,303,15,0.6818181818,167.2166227334
65.8.191.13,104.192.143.109,70,303.3751034044,304,14,0.6363636364,168.5417241136
104.193.186.22,52.85.164.14,55,306.1131253736,305,13,0.5909090909,170.0628474298
13.35.74.118,99.151.112.71,2134,309.1752690521,306,143,6.5,171.7640383623
168.100.87.57,130.176.6.123,1476,309.9957546069,307,102,4.6363636364,172.2198636705
52.222.170.14,13.33.191.81,87,315.0918702274,308,15,0.6818181818,175.0510390152
65.9.63.7,13.32.149.131,1450,315.8077524147,309,101,4.5909090909,175.4487513415
144.220.4.204,148.5.77.129,293,316.5969425343,310,28,1.2727272727,175.8871902968
45.42.138.50,130.176.131.82,378,316.8284976368,311,34,1.5454545455,176.0158320204
13.226.217.183,54.239.3.202,93,317.0476528305,312,16,0.7272727273,176.1375849058
54.192.144.74,164.55.243.62,77,318.1025436203,313,15,0.6818181818,176.7236353446
52.95.48.144,142.202.36.190,79,319.3157695214,314,15,0.6818181818,177.3976497341
13.225.188.81,52.84.180.76,72,324.3812715279,315,15,0.6818181818,180.2118175155
54.231.99.60,192.84.23.202,2134,324.744043147,316,143,6.5,180.4133573039
54.230.205.195,13.224.63.229,673,325.0440364405,317,52,2.3636363636,180.5800202447
13.227.35.251,52.222.145.128,1503,325.47148874,318,104,4.7272727273,180.8174937444
64.252.188.14,54.239.12.192,2134,327.9808943384,319,143,6.5,182.2116079658
204.136.10.113,71.152.3.30,119,330.6396799927,320,17,0.7727272727,183.6887111071
205.251.200.218,3.5.161.237,50,330.9454742241,321,13,0.5909090909,183.8585967912
64.252.114.79,99.150.62.136,50,331.3139425298,322,13,0.5909090909,184.0633014054
52.218.7.51,13.225.140.181,1561,331.4528871176,323,108,4.9090909091,184.1404928431
13.35.37.204,52.85.125.232,3518,334.2267146265,324,230,10.4545454545,185.6815081258
129.41.222.42,52.67.87.84,67,334.3549587875,325,14,0.6363636364,185.7527548819
13.224.126.232,194.165.43.66,124,334.56635676,326,18,0.8181818182,185.8701982
176.221.80.74,52.84.156.28,87,335.4574686915,327,15,0.6818181818,186.3652603842
202.44.120.67,99.84.104.84,1887,335.5837030529,328,128,5.8181818182,186.4353905849
176.221.80.5,54.192.32.245,65,337.0446986425,329,14,0.6363636364,187.2470548014
50.18.80.45,170.39.141.115,219,338.3184068641,330,24,1.0909090909,187.9546704801
130.176.127.115,54.193.69.249,909,338.408913779,331,67,3.0454545455,188.0049520994
54.192.43.141,99.86.57.156,2893,339.4078841479,332,191,8.6818181818,188.5599356377
130.137.20.118,13.32.110.12,124,339.5695994643,333,18,0.8181818182,188.6497774802
13.35.21.40,52.94.150.189,70,339.7174095579,334,14,0.6363636364,188.7318941988
52.94.17.212,13.212.224.199,104,340.1413744036,335,17,0.7727272727,188.9674302242
148.5.93.191,52.95.161.88,100,343.0903649144,336,16,0.7272727273,190.6057582858
34.245.53.252,52.219.159.184,52,343.5943905693,337,13,0.5909090909,190.8857725385
54.218.227.45,13.249.67.222,2316,343.7772802502,338,155,7.0454545455,190.9873779168
99.84.184.130,52.95.142.185,4749,344.2005403332,339,307,13.9545454545,191.2225224073
71.152.51.160,99.86.239.87,131,345.3439649636,340,18,0.8181818182,191.8577583131
70.132.45.86,13.225.142.48,1803,345.8252895274,341,123,5.5909090909,192.1251608486
99.84.255.27,198.169.0.71,5043,348.0075226919,342,325,14.7727272727,193.3375126066
13.32.232.201,70.132.12.172,55,348.9943236942,343,13,0.5909090909,193.8857353857
165.1.160.72,64.252.161.169,2701,350.0637106753,344,179,8.1363636364,194.4798392641
99.86.51.31,207.45.79.36,1691,350.44723853,345,116,5.2727272727,194.6929102944
137.83.197.64,71.152.93.53,3238,351.7358934656,346,212,9.6363636364,195.4088297031
13.249.30.68,54.78.130.243,124,352.7278373836,347,18,0.8181818182,195.9599096576
99.86.49.10,99.150.76.236,77,353.510541219,348,15,0.6818181818,196.3947451217
99.78.172.54,164.55.241.61,53,354.7505353855,349,13,0.5909090909,197.0836307697
52.124.228.219,52.95.242.145,109,356.0060532092,350,17,0.7727272727,197.7811406718
70.132.22.27,103.229.9.80,58,356.4194153806,351,14,0.6363636364,198.0107863226
99.78.166.96,71.152.100.217,1425,357.1508523128,352,99,4.5,198.4171401738
130.176.43.215,52.84.192.40,8906,357.6444971764,353,567,25.7727272727,198.6913873202
13.248.243.84,54.239.143.208,52,360.348236256,354,13,0.5909090909,200.1934645867
52.129.109.82,64.252.139.208,77,361.4800486361,355,15,0.6818181818,200.8222492423
54.231.124.167,71.152.45.42,1691,361.877924934,356,116,5.2727272727,201.04329163
65.8.214.94,15.177.87.89,154,362.2787435129,357,20,0.9090909091,201.2659686183
52.84.217.129,99.82.189.89,263,363.1256945775,358,26,1.1818181818,201.7364969875
15.177.69.40,64.252.191.20,59,363.588468286,359,14,0.6363636364,201.9935934922
13.208.14.108,157.167.152.100,378,363.8279437153,360,34,1.5454545455,202.1266353974
54.240.57.94,54.239.205.220,8028,364.0059753033,361,512,23.2727272727,202.2255418352
52.94.206.175,65.8.246.126,5376,364.0626826361,362,346,15.7272727273,202.2570459089
173.240.165.184,70.132.5.85,909,365.5206870636,363,67,3.0454545455,203.0670483687
15.177.89.57,168.149.243.31,1727,366.3236262976,364,118,5.3636363636,203.5131257209
13.227.5.235,192.225.99.217,77,367.2340104673,365,15,0.6818181818,204.0188947041
71.152.62.25,54.230.100.230,65,369.2939382311,366,14,0.6363636364,205.1632990173
64.252.140.209,52.124.191.92,57,369.7751919684,367,14,0.6363636364,205.4306622047
216.137.35.167,144.220.100.191,100,369.8934555313,368,16,0.7272727273,205.4963641841
13.249.75.81,3.1.150.218,62,370.2379421566,369,14,0.6363636364,205.6877456426
205.251.248.211,76.223.187.254,63,370.6973340594,370,14,0.6363636364,205.9429633663
23.251.225.56,45.42.139.216,97,372.0441477919,371,16,0.7272727273,206.6911932177
130.176.17.237,13.224.250.193,330,372.0803904855,372,31,1.4090909091,206.7113280475
71.152.65.127,216.137.41.227,175,373.4872616846,373,21,0.9545454545,207.4929231581
54.240.129.46,52.28.81.98,54,373.5863243664,374,13,0.5909090909,207.5479579813
155.63.86.82,23.251.226.215,219,373.82044258,375,24,1.0909090909,207.6780236556
216.137.56.181,13.225.179.213,68,374.7167271275,376,14,0.6363636364,208.1759595153
13.224.74.144,64.252.151.147,145,376.5772906777,377,19,0.8636363636,209.2096059321
207.207.178.12,99.82.170.235,5757,379.0768035289,378,370,16.8181818182,210.5982241827
104.192.140.165,209.54.177.192,1425,380.1734645984,379,99,4.5,211.2074803324
54.230.91.208,135.84.124.213,4487,380.5462102031,380,290,13.1818181818,211.4145612239
13.225.33.110,70.132.5.143,61,380.6617344747,381,14,0.6363636364,211.4787413748
52.85.228.242,13.35.201.142,1844,381.3162972305,382,125,5.6818181818,211.8423873503
13.225.217.109,198.251.199.5,53,383.4538411508,383,13,0.5909090909,213.0299117504
205.251.248.22,104.238.247.232,113,383.8189714134,384,17,0.7727272727,213.2327618963
70.132.44.171,52.84.199.18,2028,384.0976441804,385,137,6.2272727273,213.3875801002
99.86.132.99,143.204.220.246,113,385.4894214362,386,17,0.7727272727,214.1607896868
168.100.83.67,13.226.27.28,2533,386.7864034505,387,168,7.6363636364,214.8813352503
23.249.209.60,65.8.29.155,1561,387.3570856984,388,108,4.9090909091,215.1983809436
205.235.121.230,13.225.53.54,164,387.6591467818,389,20,0.9090909091,215.3661926566
3.1.245.201,202.173.24.218,1425,388.2136109042,390,99,4.5,215.6742282801
3.140.187.12,134.224.149.192,65,388.3713998027,391,14,0.6363636364,215.7618887793
52.119.244.83,13.33.240.120,1656,388.8786994831,392,114,5.1818181818,216.0437219351
52.95.171.57,193.37.132.7,263,388.9569104311,393,26,1.1818181818,216.0871724617
129.41.175.19,65.110.54.100,65,389.5883075698,394,14,0.6363636364,216.4379486499
54.192.110.135,54.240.56.141,673,390.3843364864,395,52,2.3636363636,216.8801869369
13.225.73.1,192.71.255.249,909,390.4718948065,396,67,3.0454545455,216.9288304481
71.152.31.175,99.150.102.129,119,392.8124688338,397,17,0.7727272727,218.2291493521
52.95.229.43,130.176.79.75,72,393.9903914505,398,15,0.6818181818,218.8835508058
15.222.15.104,13.32.11.250,263,394.0602312119,399,26,1.1818181818,218.9223506733
52.124.237.205,13.227.149.127,70,396.3073056001,400,14,0.6363636364,220.1707253334
173.199.57.138,13.226.31.118,63,399.8733292687,401,14,0.6363636364,222.1518495937
13.248.117.85,159.148.137.194,87,404.0058530772,402,15,0.6818181818,224.447696154
13.227.1.96,52.219.129.39,50,406.0369508991,403,13,0.5909090909,225.5760838328
54.240.194.150,99.84.176.9,54,406.506454837,404,13,0.5909090909,225.8369193539
54.230.66.134,130.176.88.103,53,407.7490111657,405,13,0.5909090909,226.5272284254
70.132.31.46,87.236.67.81,51,408.1341699052,406,13,0.5909090909,226.7412055029
99.150.41.14,69.58.24.187,673,408.1648225957,407,52,2.3636363636,226.7582347754
13.224.227.161,144.220.23.15,534,408.8460586643,408,43,1.9545454545,227.1366992579
205.251.222.35,143.204.122.52,67,408.8898213648,409,14,0.6363636364,227.1610118693
99.84.240.219,99.78.150.13,65,409.1653728633,410,14,0.6363636364,227.3140960352
3.3.9.79,3.5.166.66,443,409.3634917849,411,38,1.7272727273,227.4241621027
54.182.172.175,216.137.45.12,219,413.9650514517,412,24,1.0909090909,229.9805841398
76.223.160.191,71.152.117.29,1691,414.7183766072,413,116,5.2727272727,230.3990981151
52.219.171.166,52.219.146.102,74,414.8398686935,414,15,0.6818181818,230.4665937186
3.121.145.47,69.187.71.234,673,415.7875206221,415,52,2.3636363636,230.9930670123
52.119.248.94,13.249.16.143,50,417.446851221,416,13,0.5909090909,231.914917345
99.84.3.145,52.219.71.45,51,417.6439454794,417,13,0.5909090909,232.0244141552
146.133.127.178,13.35.173.215,100,418.7139839808,418,16,0.7272727273,232.6188799893
64.252.103.90,13.32.89.170,124,421.1215557666,419,18,0.8181818182,233.9564198703
13.32.240.166,54.182.201.230,673,422.1979110235,420,52,2.3636363636,234.5543950131
204.246.190.19,52.119.218.230,124,424.0436828,421,18,0.8181818182,235.5798237778
52.84.190.188,176.124.224.20,58,424.8849300263,422,14,0.6363636364,236.0471833479
3.5.166.209,99.86.201.239,673,426.3930702218,423,52,2.3636363636,236.8850390121
143.204.203.78,13.55.210.239,79,426.8744984779,424,15,0.6818181818,237.1524991544
3.114.251.181,13.224.0.60,72,427.2133192601,425,15,0.6818181818,237.3407329223
54.94.209.163,13.227.38.177,239,427.2967764302,426,25,1.1363636364,237.3870980168
13.33.115.88,99.77.130.206,84,427.5374594412,427,15,0.6818181818,237.5208108007
13.35.70.56,13.33.117.252,109,427.8071015278,428,17,0.7727272727,237.6706119599
52.94.252.227,77.73.208.103,4253,428.2053483576,429,276,12.5454545455,237.8918601987
71.152.108.174,13.225.138.149,68,431.7096209618,430,14,0.6363636364,239.8386783121
69.169.228.23,64.252.143.252,1532,432.8897612899,431,106,4.8181818182,240.4943118277
162.247.163.54,99.84.19.148,534,432.9708115815,432,43,1.9545454545,240.5393397675
13.249.78.192,15.165.86.87,164,433.9480620478,433,20,0.9090909091,241.0822566932
13.225.74.198,65.9.103.228,81,433.9537322537,434,15,0.6818181818,241.0854068076
13.226.154.170,104.207.172.226,74,435.556141064,435,15,0.6818181818,241.9756339244
70.132.18.130,13.249.156.122,2456,436.1247366683,436,164,7.4545454545,242.2915203713
70.132.62.242,104.193.207.182,74,438.8542003907,437,15,0.6818181818,243.8078891059
165.1.162.196,65.9.158.252,202,439.19462866,438,23,1.0454545455,243.9970159222
205.251.223.218,144.220.134.148,97,441.3956811048,439,16,0.7272727273,245.219822836
108.136.224.93,18.116.152.247,138,441.5556129734,440,19,0.8636363636,245.3086738741
130.176.144.95,13.35.134.22,81,442.0860158902,441,15,0.6818181818,245.6033421612
170.89.178.207,130.176.75.70,154,444.5823735793,442,20,0.9090909091,246.9902075441
71.152.4.77,99.84.200.83,84,446.6887207457,443,15,0.6818181818,248.1604004143
76.223.160.201,13.227.152.146,1450,447.1903178157,444,101,4.5909090909,248.4390654532
168.100.75.231,69.94.8.62,131,451.5007836295,445,18,0.8181818182,250.8337686831
54.182.177.101,15.177.91.121,55,451.8429532278,446,13,0.5909090909,251.0238629043
54.192.22.218,198.176.126.85,55,452.442579998,447,13,0.5909090909,251.3569888878
206.108.41.207,71.152.39.38,4253,452.4634683829,448,276,12.5454545455,251.3685935461
71.152.59.245,52.222.174.27,1844,452.6875059039,449,125,5.6818181818,251.4930588355
202.173.26.95,52.219.23.251,8906,452.7636240832,450,567,25.7727272727,251.5353467129
54.182.180.82,99.84.195.0,77,453.2168073966,451,15,0.6818181818,251.7871152203
54.231.193.56,188.172.137.245,74,455.0889027192,452,15,0.6818181818,252.8271681773
130.176.45.217,103.70.20.106,534,455.9178096562,453,43,1.9545454545,253.2876720312
54.230.91.94,3.3.13.83,87,456.1366664783,454,15,0.6818181818,253.4092591546
144.220.64.254,99.77.253.42,50,456.4109338817,455,13,0.5909090909,253.5616299343
54.219.99.60,65.9.143.41,68,457.1596538478,456,14,0.6363636364,253.977585471
52.46.61.65,52.85.73.32,2252,457.6439596204,457,151,6.8636363636,254.2466442336
204.246.164.21,71.152.68.95,50,457.8393351996,458,13,0.5909090909,254.355186222
54.230.91.178,99.86.156.17,109,459.7716326091,459,17,0.7727272727,255.4286847828
70.132.33.59,52.85.160.208,145,460.7769056123,460,19,0.8636363636,255.9871697846
104.255.57.152,13.249.10.148,6705,461.318953835,461,429,19.5,256.2883076861
143.204.255.104,13.33.183.43,113,462.369035543,462,17,0.7727272727,256.8716864128
99.86.122.246,45.154.18.11,1727,463.9917013712,463,118,5.3636363636,257.7731674284
71.152.49.10,160.202.22.173,1844,468.6388773455,464,125,5.6818181818,260.3549318586
99.78.168.252,3.3.8.166,378,470.0004531141,465,34,1.5454545455,261.1113628412
69.169.224.230,64.252.161.144,90,470.1175698526,466,16,0.7272727273,261.1764276959
54.230.130.87,198.154.181.5,2080,470.3900415943,467,140,6.3636363636,261.3278008857
13.227.226.198,52.84.215.155,54,470.4843284874,468,13,0.5909090909,261.380182493
13.227.195.188,165.1.160.146,2384,470.9648174251,469,159,7.2272727273,261.6471207917
185.53.16.148,52.85.46.10,330,472.0486399947,470,31,1.4090909091,262.2492444415
64.252.188.36,54.231.0.233,50,473.0089265179,471,13,0.5909090909,262.7827369544
52.218.126.41,54.153.11.168,74,473.0367211129,472,15,0.6818181818,262.7981783961
99.78.221.139,154.16.136.229,1727,474.4022069549,473,118,5.3636363636,263.5567816416
130.176.98.66,130.176.156.214,673,475.3645127126,474,52,2.3636363636,264.0913959514
52.124.235.90,143.204.207.96,124,476.1361060809,475,18,0.8181818182,264.5200589338
52.46.7.251,13.224.197.223,443,476.4108316785,476,38,1.7272727273,264.6726842658
70.132.18.160,130.137.90.153,93,477.7675191697,477,16,0.7272727273,265.4263995387
13.35.19.20,205.251.193.100,87,479.756348734,478,15,0.6818181818,266.5313048522
52.85.71.226,54.230.31.176,8906,479.8680236964,479,567,25.7727272727,266.593346498
54.241.222.247,134.224.188.141,84,482.4512033449,480,15,0.6818181818,268.0284463027
130.176.146.111,52.124.143.174,3850,483.276126655,481,251,11.4090909091,268.4867370306
52.219.21.51,13.248.108.245,63,483.3392506768,482,14,0.6363636364,268.5218059316
52.85.103.172,13.227.69.182,1425,483.5649712605,483,99,4.5,268.6472062558
143.204.160.37,71.152.46.253,51,485.3302900003,484,13,0.5909090909,269.6279388891
170.72.235.91,3.5.79.191,58,486.0622392691,485,14,0.6363636364,270.0345773717
3.5.213.239,52.218.67.246,119,487.654304695,486,17,0.7727272727,270.9190581639
144.220.109.1,130.176.66.12,8906,488.8826427237,487,567,25.7727272727,271.6014681798
168.100.86.198,178.239.130.240,154,490.0707108837,488,20,0.9090909091,272.2615060465
13.248.97.191,54.239.216.227,145,490.4040780332,489,19,0.8636363636,272.4467100184
136.184.229.190,13.35.137.230,6705,490.5795771858,490,429,19.5,272.5442095477
52.46.184.136,137.83.212.20,104,490.6553548621,491,17,0.7727272727,272.5863082567
52.94.7.101,13.226.113.209,104,491.0619587873,492,17,0.7727272727,272.8121993263
18.118.122.54,52.84.60.213,263,492.8184006977,493,26,1.1818181818,273.7880003876
54.239.168.226,52.95.202.76,61,493.8100673737,494,14,0.6363636364,274.3389263187
216.137.35.98,13.226.58.165,100,494.780858601,495,16,0.7272727273,274.8782547783
71.152.6.198,64.252.71.201,65,495.3641276642,496,14,0.6363636364,275.2022931468
52.92.73.162,54.250.212.251,1532,496.6586367576,497,106,4.8181818182,275.9214648653
52.95.227.31,52.46.1.145,77,497.315827794,498,15,0.6818181818,276.2865709967
130.176.133.202,130.176.137.197,175,497.5348930924,499,21,0.9545454545,276.4082739402
52.219.158.130,144.220.12.109,57,497.6547485872,500,14,0.6363636364,276.4748603262
23.251.235.28,130.176.164.222,443,497.87764197,501,38,1.7272727273,276.5986899833
13.227.33.52,71.152.108.224,97,498.0890525279,502,16,0.7272727273,276.7161402933
63.246.112.35,52.85.84.26,61,498.4774791284,503,14,0.6363636364,276.9319328491
54.230.254.133,99.84.116.92,1979,499.0032371575,504,134,6.0909090909,277.2240206431
54.240.229.150,161.38.199.37,2533,501.1674781337,505,168,7.6363636364,278.4263767409
99.84.35.17,205.251.208.222,19886,501.7479150088,506,1253,56.9545454545,278.7488416716
66.81.241.40,52.219.126.140,70,502.4762949132,507,14,0.6363636364,279.153497174
13.35.52.214,71.152.16.27,84,502.7374002006,508,15,0.6818181818,279.298555667
13.32.137.134,185.186.212.33,1979,503.350752944,509,134,6.0909090909,279.6393071911
103.147.71.42,13.35.235.235,62,504.8082326172,510,14,0.6363636364,280.4490181207
52.84.198.74,137.83.212.221,22152,505.7364308942,511,1395,63.4090909091,280.9646838301
52.84.180.153,52.85.96.48,81,508.7341705647,512,15,0.6818181818,282.6300947582
43.250.192.231,143.204.108.20,175,509.3616112351,513,21,0.9545454545,282.9786729084
15.177.72.148,13.225.126.18,1932,510.1259188301,514,131,5.9545454545,283.4032882389
52.95.144.185,71.152.119.113,1450,511.9317071029,515,101,4.5909090909,284.4065039461
13.33.56.90,54.182.144.60,84,511.9963104546,516,15,0.6818181818,284.442394697
13.224.131.166,13.249.13.243,263,512.010210989,517,26,1.1818181818,284.4501172161
99.84.32.43,71.152.73.77,109,513.5031205639,518,17,0.7727272727,285.2795114244
69.64.152.111,52.95.144.52,443,514.2692322147,519,38,1.7272727273,285.7051290082
108.175.54.133,13.249.208.133,124,514.4213481401,520,18,0.8181818182,285.7896378556
52.37.232.255,52.216.66.234,5757,515.3949768714,521,370,16.8181818182,286.3305427063
134.224.229.101,13.33.1.230,2893,515.5471762264,522,191,8.6818181818,286.4150979036
65.9.107.92,67.215.67.119,330,515.8446977775,523,31,1.4090909091,286.5803876542
71.152.112.87,144.220.90.206,72,518.1465569885,524,15,0.6818181818,287.8591983269
70.132.29.47,54.182.130.33,53,519.0337065829,525,13,0.5909090909,288.3520592127
13.224.50.121,52.46.241.35,50,522.2375186637,526,13,0.5909090909,290.1319548132
130.176.97.233,130.176.156.185,70,522.4765043484,527,14,0.6363636364,290.264724638
54.230.222.78,70.132.38.4,3372,522.6847787385,528,221,10.0454545455,290.3804326325
13.248.53.123,13.224.142.4,70,523.900529045,529,14,0.6363636364,291.0558494694
13.224.41.43,67.199.239.130,70,524.4696479909,530,14,0.6363636364,291.3720266616
13.248.70.98,13.35.245.97,1592,525.9013324057,531,110,5,292.1674068921
52.84.131.191,150.242.68.179,1803,528.0517153805,532,123,5.5909090909,293.3620641003
205.166.195.60,52.95.177.67,909,528.3143920529,533,67,3.0454545455,293.5079955849
52.94.64.210,216.137.45.200,52,529.9109384675,534,13,0.5909090909,294.3949658153
157.166.212.225,13.224.58.72,61,531.3373937603,535,14,0.6363636364,295.1874409779
54.192.239.183,170.89.147.171,2614,531.3509203121,536,173,7.8636363636,295.1949557289
64.252.130.172,52.95.251.135,1561,531.430812078,537,108,4.9090909091,295.2393400433
52.77.142.10,185.226.166.21,2252,532.0685962733,538,151,6.8636363636,295.5936645963
54.182.174.251,129.41.222.79,378,532.5152743819,539,34,1.5454545455,295.8418191011
99.150.86.65,137.83.252.27,77,532.7191932201,540,15,0.6818181818,295.9551073445
71.152.62.51,52.124.239.41,3518,532.9575154023,541,230,10.4545454545,296.0875085568
13.248.253.74,99.84.111.236,6705,536.0213617998,542,429,19.5,297.7896454443
54.230.91.184,99.77.139.142,119,538.5807822056,543,17,0.7727272727,299.2115456698
45.149.110.52,139.180.31.116,219,539.2764043796,544,24,1.0909090909,299.5980024331
13.225.140.95,103.161.77.187,4749,539.3591226358,545,307,13.9545454545,299.6439570199
13.35.185.239,54.240.203.227,164,540.0145837284,546,20,0.9090909091,300.0081020713
13.226.14.91,54.192.65.168,61,541.0466608841,547,14,0.6363636364,300.5814782689
168.100.74.9,15.177.70.136,74,541.1571629441,548,15,0.6818181818,300.6428683023
64.252.74.185,52.94.25.109,113,542.2523067158,549,17,0.7727272727,301.2512815088
99.82.172.122,195.42.240.237,293,542.2887264064,550,28,1.2727272727,301.2715146702
157.248.218.152,13.248.127.29,443,542.7513241684,551,38,1.7272727273,301.5285134269
3.5.245.144,130.176.34.174,58,543.2331007738,552,14,0.6363636364,301.7961670966
13.35.57.40,91.208.21.250,79,544.4661156863,553,15,0.6818181818,302.4811753813
168.100.104.52,54.66.22.247,1803,545.8216342626,554,123,5.5909090909,303.234241257
205.251.253.178,143.244.81.245,100,545.8462230467,555,16,0.7272727273,303.2479016926
71.152.28.249,70.132.23.230,175,545.9034071666,556,21,0.9545454545,303.2796706481
13.226.144.80,104.207.173.254,8906,548.3620133192,557,567,25.7727272727,304.6455629551
143.204.204.92,64.252.78.101,50,549.0182068172,558,13,0.5909090909,305.0101148984
71.152.127.70,207.230.151.74,378,550.9009661216,559,34,1.5454545455,306.0560922898
52.84.227.179,168.100.82.31,1803,551.8763598739,560,123,5.5909090909,306.5979777077
13.225.123.144,13.33.126.233,119,552.3284084719,561,17,0.7727272727,306.8491158177
13.226.20.36,52.84.81.124,1450,553.0231472706,562,101,4.5909090909,307.235081817
13.249.153.51,52.94.149.33,74,554.3774011782,563,15,0.6818181818,307.987445099
52.85.171.248,64.252.70.213,104,555.6327124564,564,17,0.7727272727,308.6848402536
129.33.139.64,103.246.148.198,54,556.7240431354,565,13,0.5909090909,309.2911350752
70.132.49.209,54.154.129.6,154,557.308720863,566,20,0.9090909091,309.615956035
52.85.131.135,99.77.188.67,145,557.8874532734,567,19,0.8636363636,309.9374740408
13.33.113.212,52.85.125.6,52,558.9568101486,568,13,0.5909090909,310.5315611937
71.152.70.50,99.86.121.144,79,559.6212363715,569,15,0.6818181818,310.9006868731
13.35.58.131,70.132.5.48,1561,562.1887320731,570,108,4.9090909091,312.3270733739
52.46.34.40,54.240.168.232,61,562.2184680207,571,14,0.6363636364,312.3435933448
13.226.150.252,163.123.173.84,2701,563.1351315276,572,179,8.1363636364,312.8528508487
130.176.162.89,52.85.202.162,119,566.4515893814,573,17,0.7727272727,314.6953274341
54.192.8.94,65.9.29.160,50,566.6855687235,574,13,0.5909090909,314.8253159575
52.124.233.218,64.45.129.49,138,566.7881872011,575,19,0.8636363636,314.8823262228
13.33.106.150,52.46.173.63,2384,567.9381587242,576,159,7.2272727273,315.5211992912
13.35.73.238,52.119.189.139,93,567.9690963644,577,16,0.7272727273,315.5383868691
192.184.70.153,65.8.188.180,8906,568.1333341252,578,567,25.7727272727,315.6296300696
45.11.253.151,66.178.137.99,87,568.2799569348,579,15,0.6818181818,315.711087186
15.177.89.136,99.83.82.28,113,568.2993805548,580,17,0.7727272727,315.721878086
52.46.35.136,130.176.0.180,187,568.3524394077,581,22,1,315.7513552265
143.204.127.76,71.152.43.189,67,568.4207206964,582,14,0.6363636364,315.7892892758
99.84.108.45,52.94.12.160,124,569.7838295885,583,18,0.8181818182,316.5465719936
52.92.43.229,192.225.99.65,109,570.0810461528,584,17,0.7727272727,316.7116923071
91.231.35.15,13.248.101.170,263,570.6174046218,585,26,1.1818181818,317.0096692343
43.247.34.133,52.84.173.1,4487,571.0360927514,586,290,13.1818181818,317.2422737508
54.153.7.166,13.225.89.60,59,572.8569507553,587,14,0.6363636364,318.2538615307
54.230.55.37,103.151.193.170,57,574.2412430548,588,14,0.6363636364,319.0229128082
134.224.167.12,54.182.239.19,72,574.4982093612,589,15,0.6818181818,319.1656718673
15.177.73.122,192.161.151.222,90,575.8142414399,590,16,0.7272727273,319.8968007999
104.232.45.116,54.150.39.254,5757,576.5113835031,591,370,16.8181818182,320.2841019462
15.236.229.248,13.35.203.35,124,577.0334631341,592,18,0.8181818182,320.5741461856
13.35.15.245,52.94.204.73,93,577.3242927063,593,16,0.7272727273,320.7357181702
3.5.250.23,168.149.245.80,154,577.4674038886,594,20,0.9090909091,320.8152243826
162.219.9.8,54.182.211.216,53,578.1977824002,595,13,0.5909090909,321.2209902223
64.252.140.215,52.85.59.246,138,579.5257388368,596,19,0.8636363636,321.9587437982
16.170.18.62,99.86.228.101,6195,579.8638005207,597,397,18.0454545455,322.1465558448
54.231.236.7,54.192.63.92,164,581.5982387679,598,20,0.9090909091,323.1101326488
136.175.106.52,143.204.105.95,50,583.6868398593,599,13,0.5909090909,324.2704665885
52.84.9.107,177.71.225.16,124,583.7544031596,600,18,0.8181818182,324.3080017553
148.5.74.26,99.84.240.239,138,584.7065030439,601,19,0.8636363636,324.8369461355
52.95.143.28,52.124.234.113,2192,585.7624468233,602,147,6.6818181818,325.4235815685
13.249.84.34,64.252.130.130,7307,585.8808271528,603,467,21.2272727273,325.4893484182
131.232.78.252,195.200.231.84,84,590.1428203446,604,15,0.6818181818,327.8571224137
143.204.158.11,71.152.23.91,263,592.9828834914,605,26,1.1818181818,329.434935273
65.8.43.174,15.237.197.228,65,593.1103793439,606,14,0.6363636364,329.5057663022
64.252.114.91,13.227.73.27,72,595.1769555091,607,15,0.6818181818,330.6538641717
70.132.13.60,216.182.237.168,6195,595.9046317501,608,397,18.0454545455,331.0581287501
54.231.76.35,103.151.192.245,1400,598.9816344276,609,98,4.4545454545,332.767574682
199.47.131.147,13.35.31.27,77,600.8607418288,610,15,0.6818181818,333.8115232382
52.222.210.160,54.182.239.205,65,601.9302962145,611,14,0.6363636364,334.4057201192
13.225.174.76,18.230.201.83,2192,604.6393427867,612,147,6.6818181818,335.9107459926
34.218.160.83,185.134.79.165,87,604.8369211664,613,15,0.6818181818,336.0205117591
52.85.169.221,199.192.13.109,52,606.9293751254,614,13,0.5909090909,337.1829861808
54.240.50.120,65.9.36.89,1532,608.4878488742,615,106,4.8181818182,338.0488049301
91.209.81.26,108.137.33.162,187,609.6522466528,616,22,1,338.6956925849
13.227.217.141,52.85.156.204,90,610.0508666164,617,16,0.7272727273,338.9171481202
65.8.43.81,159.148.136.130,164,610.8464729533,618,20,0.9090909091,339.3591516407
13.32.145.45,194.42.105.28,1691,611.2201397433,619,116,5.2727272727,339.5667443018
104.238.244.91,146.133.127.215,534,612.859644583,620,43,1.9545454545,340.4775803239
23.251.247.167,13.225.173.223,330,614.0507392725,621,31,1.4090909091,341.1392995958
71.152.45.192,52.53.48.16,239,614.2794109741,622,25,1.1363636364,341.2663394301
99.84.162.197,71.152.82.127,124,614.760522293,623,18,0.8181818182,341.5336234961
63.32.103.137,144.220.18.17,131,618.1378110753,624,18,0.8181818182,343.4098950418
15.193.9.93,54.240.81.200,59,621.2480833815,625,14,0.6363636364,345.1378241008
45.88.29.68,168.100.80.46,81,621.6934331934,626,15,0.6818181818,345.385240663
52.95.243.9,193.9.122.199,187,622.6942503497,627,22,1,345.9412501943
70.132.60.240,64.45.131.44,109,623.3789412269,628,17,0.7727272727,346.3216340149
168.100.87.130,52.85.230.90,51,623.4784639524,629,13,0.5909090909,346.376924418
144.220.14.148,54.246.39.163,3518,623.7947522977,630,230,10.4545454545,346.5526401654
54.240.193.178,144.220.82.122,51,623.8177599402,631,13,0.5909090909,346.565422189
68.66.118.241,54.192.102.41,62,625.1955846517,632,14,0.6363636364,347.3308803621
99.77.145.108,71.152.117.166,2134,625.9502328918,633,143,6.5,347.7501293843
3.3.15.20,144.220.66.84,239,626.3240148479,634,25,1.1363636364,347.9577860266
130.176.137.112,35.154.125.237,72,626.6417136973,635,15,0.6818181818,348.1342853874
52.46.12.104,71.152.1.129,164,627.2744344707,636,20,0.9090909091,348.4857969282
13.33.25.39,130.176.83.132,124,628.7743792515,637,18,0.8181818182,349.3190995842
13.35.177.96,148.5.86.88,202,629.2596277429,638,23,1.0454545455,349.5886820794
54.239.209.224,31.171.212.157,55,629.9378416066,639,13,0.5909090909,349.9654675592
99.84.80.246,52.85.254.218,2028,630.9799237825,640,137,6.2272727273,350.5444021014
52.46.14.128,64.252.81.183,104,634.6856116145,641,17,0.7727272727,352.6031175636
179.0.17.7,54.230.41.123,1561,634.9519734632,642,108,4.9090909091,352.7510963684
18.153.155.89,144.220.106.53,124,635.0794660989,643,18,0.8181818182,352.8219256105
13.225.57.133,52.124.239.21,97,637.5345365648,644,16,0.7272727273,354.1858536471
54.240.63.211,35.71.236.217,1623,637.7223359097,645,111,5.0454545455,354.2901866165
64.238.14.248,199.68.157.145,239,641.3508510144,646,25,1.1363636364,356.3060283413
54.240.215.176,91.207.12.18,293,641.6987105304,647,28,1.2727272727,356.499283628
99.82.166.99,13.227.26.238,1623,643.0480705128,648,111,5.0454545455,357.2489280627
165.69.249.6,161.38.206.191,62,646.0337110956,649,14,0.6363636364,358.9076172753
142.202.36.147,46.51.254.172,145,646.5741645155,650,19,0.8636363636,359.2078691753
99.84.168.43,13.35.251.27,79,649.6319658151,651,15,0.6818181818,360.9066476751
54.239.213.1,52.197.126.4,3518,650.2304760063,652,230,10.4545454545,361.2391533368
71.152.88.180,176.32.127.211,154,652.9585496695,653,20,0.9090909091,362.7547498164
15.193.8.228,52.85.84.168,1656,655.38796755,654,114,5.1818181818,364.1044264167
52.84.148.71,71.152.43.1,7307,656.8960880662,655,467,21.2272727273,364.9422711479
54.240.54.242,216.24.45.178,113,659.391538957,656,17,0.7727272727,366.3286327539
52.35.195.156,3.111.205.138,164,660.9645920714,657,20,0.9090909091,367.2025511508
144.220.125.209,52.85.12.102,4042,662.1567936363,658,263,11.9545454545,367.8648853535
103.152.248.30,130.137.140.198,4042,662.6218607084,659,263,11.9545454545,368.1232559491
168.100.93.64,108.136.98.94,63,662.6447689862,660,14,0.6363636364,368.1359827701
108.175.54.118,54.182.240.231,443,662.8288290471,661,38,1.7272727273,368.2382383595
130.176.76.199,130.176.155.205,10355,667.7646876245,662,657,29.8636363636,370.9803820136
13.32.16.39,99.86.108.36,119,668.861855398,663,17,0.7727272727,371.5899196656
13.248.108.178,71.152.4.223,138,669.0706535127,664,19,0.8636363636,371.7059186182
71.152.36.241,52.124.245.16,52,669.8467077492,665,13,0.5909090909,372.1370598607
13.32.73.82,45.13.101.62,119,672.0849481078,666,17,0.7727272727,373.3805267266
99.84.226.92,216.182.236.151,50,672.6869158954,667,13,0.5909090909,373.7149532752
99.77.138.17,52.84.97.171,164,672.7476342487,668,20,0.9090909091,373.7486856937
13.226.106.199,144.220.51.69,443,673.7628952103,669,38,1.7272727273,374.3127195613
35.154.249.222,64.252.189.193,55,675.8380791191,670,13,0.5909090909,375.4655995106
99.84.66.218,65.8.31.28,239,678.5271797614,671,25,1.1363636364,376.9595443119
13.210.248.5,54.239.180.92,55,679.6854865391,672,13,0.5909090909,377.6030480773
13.248.108.228,13.249.112.205,1425,680.6193497561,673,99,4.5,378.1218609756
143.204.1.129,70.132.25.237,131,683.8771412457,674,18,0.8181818182,379.9317451365
207.202.17.163,205.235.121.207,138,683.8833793834,675,19,0.8636363636,379.9352107686
202.160.113.157,54.192.144.88,145,685.2664199144,676,19,0.8636363636,380.7035666191
3.5.249.115,52.217.102.209,202,687.3741461279,677,23,1.0454545455,381.8745256266
13.226.58.189,64.252.120.123,62,689.0509115027,678,14,0.6363636364,382.8060619459
194.230.56.59,18.176.215.59,2701,690.9584465475,679,179,8.1363636364,383.8658036375
65.9.168.209,52.119.163.47,187,691.8386107192,680,22,1,384.3547837329
163.123.172.163,23.249.222.48,164,692.1074693997,681,20,0.9090909091,384.5041496665
52.222.167.84,13.249.180.103,124,693.8773070086,682,18,0.8181818182,385.4873927826
54.231.252.152,13.224.179.182,219,694.0821634531,683,24,1.0909090909,385.6012019184
65.8.19.62,65.8.43.149,93,694.1537649077,684,16,0.7272727273,385.6409805043
130.176.164.184,185.135.128.48,1503,695.2174820377,685,104,4.7272727273,386.2319344654
66.178.137.26,71.152.57.33,4042,695.2174963631,686,263,11.9545454545,386.2319424239
54.192.60.128,13.227.103.128,534,695.5030525902,687,43,1.9545454545,386.3905847723
13.249.112.134,64.252.177.94,8028,699.2888679415,688,512,23.2727272727,388.4938155231
144.220.80.23,130.176.54.122,1764,700.0351862922,689,120,5.4545454545,388.908436829
13.225.109.143,71.152.8.67,81,701.5417056671,690,15,0.6818181818,389.7453920373
3.5.169.122,71.152.37.52,2134,702.3933394539,691,143,6.5,390.2185219188
54.67.109.5,70.132.44.63,1932,703.3665809643,692,131,5.9545454545,390.7592116468
76.223.186.61,185.83.21.226,54,703.7738152588,693,13,0.5909090909,390.9854529216
65.110.54.189,13.225.153.193,70,703.815091775,694,14,0.6363636364,391.0083843194
71.152.10.93,99.77.132.187,119,703.9404259956,695,17,0.7727272727,391.078014442
13.248.108.109,54.169.211.62,63,704.3036977367,696,14,0.6363636364,391.2798320759
52.218.0.212,104.238.247.142,239,706.0274660851,697,25,1.1363636364,392.2374811584
64.252.182.54,52.95.145.199,50,706.8581635331,698,13,0.5909090909,392.6989797406
65.8.142.104,13.249.45.89,72,712.0384924577,699,15,0.6818181818,395.5769402543
54.182.220.89,71.152.59.251,138,712.6606397409,700,19,0.8636363636,395.9225776338
192.210.31.250,3.5.250.185,2533,713.2889125815,701,168,7.6363636364,396.2716181008
52.222.154.163,104.207.174.67,8906,714.4245168486,702,567,25.7727272727,396.9025093603
18.130.182.29,149.19.6.175,61,720.9141923526,703,14,0.6363636364,400.5078846403
64.187.130.69,130.176.106.107,124,723.5133250597,704,18,0.8181818182,401.9518472554
54.230.88.95,99.84.176.62,378,724.8269944563,705,34,1.5454545455,402.6816635868
52.46.48.147,52.85.101.15,6705,724.9945335312,706,429,19.5,402.7747408507
170.176.155.194,52.119.186.15,67,725.5214300316,707,14,0.6363636364,403.0674611287
103.124.135.150,70.132.10.24,2999,726.8906544666,708,197,8.9545454545,403.8281413703
54.240.186.222,52.129.104.72,113,727.4710367633,709,17,0.7727272727,404.1505759796
212.19.236.181,52.124.246.178,175,733.036763852,710,21,0.9545454545,407.2426465844
52.85.65.13,18.201.197.168,202,733.0807812494,711,23,1.0454545455,407.2671006941
64.252.134.58,13.224.180.78,119,735.2626575133,712,17,0.7727272727,408.4792541741
52.94.68.103,52.124.176.235,84,736.2529081776,713,15,0.6818181818,409.029393432
130.176.6.23,208.73.7.134,2252,738.1153297979,714,151,6.8636363636,410.0640721099
13.227.102.42,54.239.208.123,67,738.6938306987,715,14,0.6363636364,410.3854614993
13.33.142.125,168.100.98.112,1887,740.5870522248,716,128,5.8181818182,411.437251236
99.86.217.80,103.151.192.20,1592,741.7421780495,717,110,5,412.0789878053
130.176.92.90,130.176.149.233,131,742.8637696552,718,18,0.8181818182,412.7020942529
13.224.223.34,13.33.3.217,51,742.9319479724,719,13,0.5909090909,412.7399710958
13.33.14.218,70.132.25.7,87,744.9482402241,720,15,0.6818181818,413.8601334578
54.182.132.11,99.78.216.103,57,748.3425682621,721,14,0.6363636364,415.7458712567
52.119.199.60,71.152.123.214,4042,748.3973360761,722,263,11.9545454545,415.7762978201
99.86.138.107,74.221.137.119,113,749.8952009411,723,17,0.7727272727,416.6084449673
54.241.65.147,13.227.107.128,1887,750.5642882386,724,128,5.8181818182,416.9801601326
13.226.119.70,52.95.227.97,4253,752.6770549893,725,276,12.5454545455,418.1539194385
75.2.62.183,52.85.49.134,61,752.8083688178,726,14,0.6363636364,418.2268715654
81.90.143.114,130.176.106.231,263,753.1767318253,727,26,1.1818181818,418.4315176807
13.226.190.252,103.151.192.66,154,753.6216958166,728,20,0.9090909091,418.6787198981
54.240.147.53,54.192.216.44,59,754.0061874406,729,14,0.6363636364,418.8923263559
52.218.198.138,103.43.38.214,2701,755.0908444003,730,179,8.1363636364,419.4949135557
216.137.43.30,52.222.224.85,77,756.3629515486,731,15,0.6818181818,420.2016397492
142.0.189.244,99.82.175.93,74,756.6240525874,732,15,0.6818181818,420.3466958819
13.35.121.202,65.9.79.95,175,758.8912607615,733,21,0.9545454545,421.6062559786
54.231.192.34,54.192.179.46,63,758.8958432678,734,14,0.6363636364,421.6088018154
99.84.40.152,18.139.84.239,3850,761.7411654748,735,251,11.4090909091,423.1895363749
65.8.29.238,52.85.90.153,58,761.7848848549,736,14,0.6363636364,423.2138249194
185.175.91.109,91.228.72.158,81,764.1281745934,737,15,0.6818181818,424.5156525519
54.239.186.31,52.124.232.138,3238,764.8313923134,738,212,9.6363636364,424.906329063
130.137.112.74,99.86.54.126,164,764.8508097546,739,20,0.9090909091,424.9171165303
207.45.79.239,52.85.130.13,175,766.0769401179,740,21,0.9545454545,425.5983000655
144.220.49.20,71.152.94.235,68,767.2725538269,741,14,0.6363636364,426.2625299038
52.124.248.241,52.85.203.108,77,767.5684681761,742,15,0.6818181818,426.4269267645
147.160.133.68,13.32.15.174,330,770.1388361008,743,31,1.4090909091,427.8549089449
99.77.247.62,170.89.183.143,77,771.8313231636,744,15,0.6818181818,428.7951795353
45.88.30.167,185.195.148.49,113,773.8449169979,745,17,0.7727272727,429.9138427766
142.202.46.101,71.152.110.172,84,774.2982520292,746,15,0.6818181818,430.1656955718
130.176.164.214,70.132.6.130,87,774.9965992324,747,15,0.6818181818,430.5536662402
130.176.165.9,148.163.131.190,61,775.6986243088,748,14,0.6363636364,430.9436801716
52.124.231.254,99.83.80.143,154,777.3329863428,749,20,0.9090909091,431.8516590793
135.84.124.22,164.55.241.22,534,779.8434411937,750,43,1.9545454545,433.2463562187
13.225.83.23,52.94.76.245,97,781.7454345839,751,16,0.7272727273,434.3030192133
143.204.206.226,52.85.161.186,55,781.774903602,752,13,0.5909090909,434.31939089
157.166.135.163,52.94.114.38,53,781.831882376,753,13,0.5909090909,434.3510457644
99.83.184.233,45.42.138.226,124,781.9326778003,754,18,0.8181818182,434.4070432224
54.68.176.72,195.10.217.143,4487,782.0419676272,755,290,13.1818181818,434.4677597929
71.152.99.200,104.218.202.12,65,782.1664956033,756,14,0.6363636364,434.5369420018
205.251.216.213,144.220.79.235,378,784.3359896007,757,34,1.5454545455,435.7422164448
13.249.90.43,103.143.45.241,1887,784.4638745114,758,128,5.8181818182,435.8132636174
70.132.33.55,3.5.218.39,2192,784.8075774498,759,147,6.6818181818,436.0042096943
185.206.120.172,13.244.199.85,57,785.9610894601,760,14,0.6363636364,436.6450497001
13.32.14.141,13.32.210.139,239,786.580883855,761,25,1.1363636364,436.9893799194
13.32.123.21,74.118.105.170,124,788.2871307766,762,18,0.8181818182,437.9372948759
162.249.117.9,52.95.158.253,63,788.3014419418,763,14,0.6363636364,437.9452455232
63.33.168.230,52.84.4.152,1691,790.0756043407,764,116,5.2727272727,438.9308913004
143.204.64.8,99.86.142.171,81,791.4639367674,765,15,0.6818181818,439.702187093
103.70.23.238,69.187.69.130,93,791.5260133946,766,16,0.7272727273,439.7366741081
99.84.40.135,130.137.79.125,202,796.3452507062,767,23,1.0454545455,442.4140281701
99.78.177.180,64.252.177.175,58,796.92705923,768,14,0.6363636364,442.7372551278
216.115.17.159,64.252.111.191,2533,797.1491731542,769,168,7.6363636364,442.8606517523
52.85.95.191,194.30.175.89,65,799.167777812,770,14,0.6363636364,443.9820987844
74.116.239.49,130.176.164.112,79,800.6735397889,771,15,0.6818181818,444.8186332161
13.32.149.68,54.192.255.220,1623,801.0126527952,772,111,5.0454545455,445.0070293307
13.249.223.127,13.248.244.169,138,801.8142933077,773,19,0.8636363636,445.4523851709
99.86.10.57,212.19.235.63,175,802.1809349815,774,21,0.9545454545,445.6560749897
13.33.155.178,104.232.45.186,7307,803.0785787263,775,467,21.2272727273,446.1547659591
3.98.106.254,71.152.13.252,239,803.2268626131,776,25,1.1363636364,446.2371458962
54.240.147.101,99.86.212.144,124,803.3859231835,777,18,0.8181818182,446.3255128797
54.180.197.86,178.236.2.25,4749,804.0321336185,778,307,13.9545454545,446.6845186769
71.152.59.62,45.129.53.205,2134,804.0739171792,779,143,6.5,446.7077317662
71.152.73.220,13.225.169.37,104,804.0999021919,780,17,0.7727272727,446.7221678844
130.176.37.91,52.124.220.168,131,804.9173504161,781,18,0.8181818182,447.1763057867
144.220.93.45,54.67.156.6,673,805.6967503607,782,52,2.3636363636,447.6093057559
13.225.251.4,52.85.190.167,3518,806.9752345586,783,230,10.4545454545,448.3195747548
54.239.54.211,54.240.188.114,8906,807.1930358559,784,567,25.7727272727,448.4405754755
65.8.162.80,13.32.46.158,145,809.1223256652,785,19,0.8636363636,449.5124031473
148.5.84.150,13.225.251.162,2316,810.3525672825,786,155,7.0454545455,450.1958707125
157.167.143.42,13.226.223.200,219,810.5525301071,787,24,1.0909090909,450.3069611706
65.9.86.244,52.85.91.46,202,810.5695588777,788,23,1.0454545455,450.3164215987
52.46.53.106,13.35.149.43,2701,811.2733319465,789,179,8.1363636364,450.7074066369
54.192.169.12,170.72.254.63,1476,817.8317396869,790,102,4.6363636364,454.3509664927
52.85.90.34,13.32.17.24,4042,818.4493749127,791,263,11.9545454545,454.6940971737
23.251.249.189,65.8.17.40,97,819.3491604511,792,16,0.7272727273,455.1939780284
13.32.180.52,65.8.4.186,2456,819.8689916487,793,164,7.4545454545,455.4827731382
144.220.114.184,52.218.157.212,1503,820.8172317729,794,104,4.7272727273,456.0095732072
134.224.157.73,52.94.235.76,2893,821.1492890627,795,191,8.6818181818,456.1940494793
129.33.243.102,99.84.101.173,187,821.4580744103,796,22,1,456.3655968946
76.223.186.173,70.132.18.153,6705,822.2056648462,797,429,19.5,456.7809249146
13.35.238.5,52.46.40.200,54,824.4002492214,798,13,0.5909090909,458.0001384563
198.251.137.244,204.136.10.94,59,824.4859793164,799,14,0.6363636364,458.0477662869
54.233.66.208,52.124.174.133,55,825.1693110889,800,13,0.5909090909,458.4273950494
146.133.127.127,52.84.220.186,72,826.3879082965,801,15,0.6818181818,459.1043934981
144.2.170.187,13.224.148.85,1532,826.9463405682,802,106,4.8181818182,459.414633649
70.132.4.129,129.41.89.121,87,827.5360098829,803,15,0.6818181818,459.7422277127
15.193.8.64,199.68.157.96,51,828.4402164813,804,13,0.5909090909,460.2445647118
54.64.197.40,13.35.173.212,1803,828.8680872098,805,123,5.5909090909,460.4822706721
130.176.172.38,52.219.113.184,202,830.4201210962,806,23,1.0454545455,461.3445117201
65.8.82.10,3.5.141.45,113,830.9896597128,807,17,0.7727272727,461.6609220627
192.206.206.254,52.53.27.193,2252,832.4086472964,808,151,6.8636363636,462.449248498
13.248.116.94,144.220.65.249,3518,832.4272004009,809,230,10.4545454545,462.4595557783
94.140.18.165,185.206.120.173,113,833.2193160961,810,17,0.7727272727,462.8996200534
54.239.215.148,13.249.154.158,109,833.3107512434,811,17,0.7727272727,462.9504173574
52.85.160.117,65.8.76.142,124,834.4381097091,812,18,0.8181818182,463.5767276162
65.9.84.246,64.252.113.184,79,836.9843002661,813,15,0.6818181818,464.9912779256
144.220.131.242,18.136.114.232,90,837.3502236333,814,16,0.7272727273,465.1945686852
13.224.73.213,99.84.115.159,378,839.2039340666,815,34,1.5454545455,466.2244078148
173.240.165.194,208.127.204.195,100,839.2242517696,816,16,0.7272727273,466.2356954276
103.235.88.3,52.92.27.184,1450,840.1223131459,817,101,4.5909090909,466.7346184144
13.226.158.49,15.177.31.28,59,840.5730224389,818,14,0.6363636364,466.9850124661
64.252.79.132,52.95.104.100,54,844.5301727629,819,13,0.5909090909,469.1834293127
139.180.248.134,206.166.248.138,1727,844.5626085404,820,118,5.3636363636,469.2014491891
13.32.137.247,130.137.79.151,263,845.4332051413,821,26,1.1818181818,469.6851139674
76.223.182.173,54.192.157.116,4253,849.0493240383,822,276,12.5454545455,471.6940689102
3.5.238.72,65.8.112.172,68,850.0680075129,823,14,0.6363636364,472.2600041738
15.197.213.131,13.225.89.161,113,850.0986548026,824,17,0.7727272727,472.2770304459
54.240.187.240,13.33.112.213,263,850.3636440073,825,26,1.1818181818,472.4242466707
52.95.225.58,151.216.1.58,5757,851.6297453994,826,370,16.8181818182,473.127636333
99.77.137.68,52.92.61.41,673,852.4065907832,827,52,2.3636363636,473.5592171018
3.6.105.7,143.204.123.121,673,853.6144928881,828,52,2.3636363636,474.2302738267
170.89.189.105,168.100.77.245,239,853.8855475278,829,25,1.1363636364,474.3808597377
13.32.6.84,13.35.113.112,145,854.6128131871,830,19,0.8636363636,474.7848962151
54.151.34.214,99.78.210.200,119,854.8926760759,831,17,0.7727272727,474.9403755977
13.248.18.34,13.224.96.174,68,856.3915372412,832,14,0.6363636364,475.7730762451
177.71.235.186,204.246.188.20,58,856.7181901573,833,14,0.6363636364,475.9545500874
162.219.9.175,54.239.195.193,51,856.9530061065,834,13,0.5909090909,476.0850033925
54.231.87.205,99.84.20.193,131,858.3744918912,835,18,0.8181818182,476.8747177173
52.124.249.29,45.159.122.121,2384,860.3617632896,836,159,7.2272727273,477.9787573831
54.230.153.48,130.176.2.248,87,861.838592732,837,15,0.6818181818,478.7992181844
45.129.192.149,65.8.17.136,57,865.4763085548,838,14,0.6363636364,480.8201714193
13.225.236.22,23.251.225.66,58,866.1296996774,839,14,0.6363636364,481.1831664874
147.124.161.245,130.176.107.142,52,869.0726156633,840,13,0.5909090909,482.8181198129
216.238.188.241,206.166.249.29,58,870.3593498295,841,14,0.6363636364,483.5329721275
52.124.235.172,13.32.241.90,4487,870.5134291063,842,290,13.1818181818,483.6185717257
13.248.112.208,175.41.229.28,145,872.4051135781,843,19,0.8636363636,484.6695075434
54.240.129.199,99.82.161.158,2701,874.3405442667,844,179,8.1363636364,485.7447468148
13.35.253.3,212.8.241.176,87,875.010206968,845,15,0.6818181818,486.1167816489
144.220.1.250,70.132.1.215,3518,876.2335395757,846,230,10.4545454545,486.7964108754
13.248.105.216,13.225.53.227,2192,876.2690003832,847,147,6.6818181818,486.816111324
13.32.63.112,137.83.211.26,109,876.4552795466,848,17,0.7727272727,486.9195997481
99.150.101.68,52.68.67.58,138,876.4663329014,849,19,0.8636363636,486.9257405008
52.85.64.55,52.95.164.200,138,878.2686495657,850,19,0.8636363636,487.9270275365
185.215.115.35,52.85.47.157,68,878.743945213,851,14,0.6363636364,488.1910806739
144.220.61.208,136.184.226.53,175,879.1630889868,852,21,0.9545454545,488.423938326
13.35.195.80,99.84.159.252,100,879.526691399,853,16,0.7272727273,488.6259396661
99.77.130.182,161.199.67.65,93,882.396360263,854,16,0.7272727273,490.2202001461
99.82.164.57,13.249.202.8,239,883.3045233061,855,25,1.1363636364,490.7247351701
13.227.199.144,52.124.227.11,443,883.7046919445,856,38,1.7272727273,490.9470510803
206.198.131.100,52.85.66.22,52,884.351386969,857,13,0.5909090909,491.3063260939
195.46.38.41,52.85.141.218,1764,887.9059771432,858,120,5.4545454545,493.2810984129
99.86.72.63,13.227.249.16,2793,888.3498129209,859,185,8.4090909091,493.5276738449
103.165.160.172,71.152.124.168,154,888.4089195002,860,20,0.9090909091,493.5605108334
52.46.43.167,71.152.32.44,4749,890.4351115857,861,307,13.9545454545,494.6861731032
52.84.38.234,13.227.34.117,5376,891.8062453966,862,346,15.7272727273,495.4479141092
216.137.52.244,13.224.205.9,74,891.8592136213,863,15,0.6818181818,495.4773409007
99.84.183.215,15.197.178.218,90,892.9875215413,864,16,0.7272727273,496.1041786341
54.240.190.69,148.5.76.122,239,893.1731880261,865,25,1.1363636364,496.2073266812
18.199.71.231,168.100.83.137,443,893.2858390779,866,38,1.7272727273,496.2699105988
52.94.7.92,165.1.162.152,5043,893.4955003434,867,325,14.7727272727,496.3863890797
54.240.189.230,64.238.2.171,673,894.1292638733,868,52,2.3636363636,496.7384799296
71.152.53.19,216.198.33.159,164,894.1730931969,869,20,0.9090909091,496.7628295538
66.81.241.225,216.198.36.64,154,894.7354999675,870,20,0.9090909091,497.0752777597
13.227.232.110,45.136.241.27,1803,895.6765136993,871,123,5.5909090909,497.5980631663
76.76.19.99,103.235.88.224,113,896.1158703094,872,17,0.7727272727,497.8421501719
104.255.57.17,216.238.188.127,50,897.8733667834,873,13,0.5909090909,498.8185371019
216.137.56.246,13.225.43.168,2252,898.0943188265,874,151,6.8636363636,498.9412882369
15.177.78.102,13.32.125.218,673,898.8970424278,875,52,2.3636363636,499.3872457932
23.251.234.159,188.172.137.55,100,900.8795009628,876,16,0.7272727273,500.488611646
206.225.203.60,52.38.71.230,202,901.051177437,877,23,1.0454545455,500.583987465
192.153.76.228,54.230.125.38,68,902.4817426234,878,14,0.6363636364,501.3787459019
13.32.231.170,209.160.100.92,138,905.8321509766,879,19,0.8636363636,503.2400838759
69.169.238.167,13.248.112.59,57,906.3078839859,880,14,0.6363636364,503.5043799922
130.176.39.146,45.13.103.159,443,906.3888343286,881,38,1.7272727273,503.5493524048
193.9.122.21,70.132.1.214,378,906.6528561718,882,34,1.5454545455,503.6960312066
99.78.162.104,64.252.186.150,109,907.6798603954,883,17,0.7727272727,504.2665891086
23.249.223.216,99.82.167.38,1932,909.6888261835,884,131,5.9545454545,505.3826812131
71.152.40.135,52.94.241.236,1727,910.0939959127,885,118,5.3636363636,505.6077755071
99.86.67.83,52.85.131.6,81,910.4266137196,886,15,0.6818181818,505.7925631776
130.176.159.216,52.216.79.217,219,911.0161600897,887,24,1.0909090909,506.1200889387
137.83.197.249,52.85.104.23,62,911.1546488247,888,14,0.6363636364,506.1970271248
52.33.42.186,13.224.207.89,93,912.0182544805,889,16,0.7272727273,506.6768080447
13.227.21.74,63.35.51.201,534,913.6075121258,890,43,1.9545454545,507.5597289588
76.223.190.78,168.100.91.32,154,915.0848735743,891,20,0.9090909091,508.3804853191
13.249.160.158,13.224.208.209,81,916.1295898591,892,15,0.6818181818,508.9608832551
54.230.122.249,13.226.182.5,72,916.8509879483,893,15,0.6818181818,509.3616599713
52.84.58.93,13.32.55.181,87,919.5392236424,894,15,0.6818181818,510.8551242458
195.82.97.176,71.152.14.161,145,919.8961737586,895,19,0.8636363636,511.0534298659
99.82.155.214,52.85.10.205,3238,920.2197248802,896,212,9.6363636364,511.233180489
13.224.221.68,164.153.132.227,330,921.6467395216,897,31,1.4090909091,512.0259664009
13.248.120.139,76.223.182.6,3372,921.7877514064,898,221,10.0454545455,512.1043063369
13.35.121.208,144.220.81.32,175,922.1247873085,899,21,0.9545454545,512.2915485047
99.82.165.97,45.223.12.228,534,922.1703641619,900,43,1.9545454545,512.3168689788
170.200.94.233,129.41.222.117,2793,922.4141243208,901,185,8.4090909091,512.4522912893
52.95.181.49,65.8.139.169,3372,923.2271110702,902,221,10.0454545455,512.9039505946
13.32.199.20,54.239.141.136,59,923.3857617172,903,14,0.6363636364,512.9920898429
99.86.74.39,204.246.175.48,3518,923.7716692785,904,230,10.4545454545,513.2064829325
185.97.10.124,13.248.242.254,58,923.8561321964,905,14,0.6363636364,513.2534067758
130.176.135.69,52.216.155.4,1592,924.2809479597,906,110,5,513.4894155332
3.5.76.191,192.190.135.194,51,925.2785898992,907,13,0.5909090909,514.0436610551
71.152.35.130,99.82.169.48,534,925.7483780975,908,43,1.9545454545,514.3046544986
143.204.251.243,52.84.188.196,50,925.8032504221,909,13,0.5909090909,514.3351391234
23.251.225.193,13.224.25.124,175,926.768992394,910,21,0.9545454545,514.8716624411
54.182.217.1,52.218.66.50,97,929.816415443,911,16,0.7272727273,516.5646752461
209.51.38.104,13.225.245.251,79,930.8675507753,912,15,0.6818181818,517.1486393196
136.175.24.101,13.227.45.45,104,931.5083476864,913,17,0.7727272727,517.5046376036
99.86.185.38,65.9.140.137,138,932.3565548307,914,19,0.8636363636,517.9758637948
52.95.202.123,54.192.15.177,1656,933.087990031,915,114,5.1818181818,518.3822166839
168.100.86.170,143.204.91.205,57,934.6840044065,916,14,0.6363636364,519.2688913369
144.220.86.203,148.5.74.44,74,935.4621909429,917,15,0.6818181818,519.7012171905
3.3.11.114,185.57.216.56,109,936.0880772179,918,17,0.7727272727,520.0489317877
170.200.94.230,13.33.174.174,58,936.3347460018,919,14,0.6363636364,520.185970001
54.192.43.130,69.166.42.209,1727,937.7971422947,920,118,5.3636363636,520.9984123859
54.230.192.82,99.86.217.20,673,938.418010126,921,52,2.3636363636,521.3433389589
52.219.174.23,54.239.61.71,2192,938.9314839552,922,147,6.6818181818,521.6286021973
13.32.32.105,144.220.78.53,97,941.3843135153,923,16,0.7272727273,522.9912852863
99.151.90.84,104.218.202.241,61,941.6826489907,924,14,0.6363636364,523.1570272171
78.108.124.45,99.77.189.63,53,942.1503553981,925,13,0.5909090909,523.4168641101
13.225.12.219,54.230.49.54,59,942.2803870611,926,14,0.6363636364,523.4891039228
52.94.53.69,71.152.5.61,131,942.9159771461,927,18,0.8181818182,523.8422095256
13.33.79.176,23.251.243.50,70,943.300735403,928,14,0.6363636364,524.0559641128
52.92.73.254,65.8.78.57,2533,944.0248684494,929,168,7.6363636364,524.4582602497
13.35.185.100,13.35.235.5,119,944.151363724,930,17,0.7727272727,524.5285354022
130.176.48.38,13.227.183.86,87,947.0357086657,931,15,0.6818181818,526.1309492587
13.32.206.1,52.46.34.211,109,948.0951359976,932,17,0.7727272727,526.7195199987
13.33.112.224,52.85.132.54,51,949.2653594556,933,13,0.5909090909,527.369644142
52.84.151.109,195.200.230.254,54,949.777445282,934,13,0.5909090909,527.6541362678
18.246.190.90,143.204.61.77,1727,949.9924238877,935,118,5.3636363636,527.7735688265
13.225.9.135,64.252.171.127,2192,949.996381842,936,147,6.6818181818,527.77576769
52.95.212.63,99.84.56.148,293,950.2486161878,937,28,1.2727272727,527.9158978821
52.85.106.220,54.230.150.193,1450,950.9668360867,938,101,4.5909090909,528.3149089371
54.230.61.167,142.202.36.97,81,951.1901963609,939,15,0.6818181818,528.4389979783
143.244.81.45,54.230.51.87,263,951.8142661084,940,26,1.1818181818,528.7857033936
54.239.131.6,3.5.212.159,81,953.1770159727,941,15,0.6818181818,529.5427866515
65.9.185.201,65.110.54.218,97,953.837114961,942,16,0.7272727273,529.9095083117
13.225.173.154,71.152.85.236,77,954.6050170634,943,15,0.6818181818,530.3361205908
64.252.178.15,13.224.187.173,330,958.5691244521,944,31,1.4090909091,532.5384024734
185.255.32.63,13.33.174.229,145,959.0429865591,945,19,0.8636363636,532.8016591995
54.182.177.4,52.46.150.174,1803,960.744737497,946,123,5.5909090909,533.7470763872
52.217.32.184,143.204.122.153,2533,961.1811932083,947,168,7.6363636364,533.9895517824
108.131.236.130,143.204.121.127,1803,962.5992709318,948,123,5.5909090909,534.7773727399
52.88.59.248,54.240.129.49,219,964.2580130473,949,24,1.0909090909,535.6988961374
54.230.159.231,99.77.186.185,87,964.9810676582,950,15,0.6818181818,536.1005931434
52.84.217.133,202.160.113.236,51,965.013641219,951,13,0.5909090909,536.1186895661
13.224.159.90,144.220.15.10,187,970.3502647433,952,22,1,539.0834804129
103.238.120.195,45.88.30.56,3676,970.8104762061,953,240,10.9090909091,539.3391534478
134.224.231.72,193.16.22.120,2893,970.8519190123,954,191,8.6818181818,539.3621772291
144.220.68.16,52.222.202.3,52,972.5890280877,955,13,0.5909090909,540.3272378265
199.165.143.254,185.187.119.254,51,972.9365804739,956,13,0.5909090909,540.5203224855
176.34.195.58,13.35.153.159,61,975.2182615728,957,14,0.6363636364,541.787923096
122.252.146.253,52.218.182.189,53,975.9362686474,958,13,0.5909090909,542.1868159152
52.84.73.87,65.1.208.191,65,976.9138959534,959,14,0.6363636364,542.7299421963
52.84.132.72,176.32.106.236,8906,978.3933859376,960,567,25.7727272727,543.5518810764
64.52.111.133,52.85.185.145,219,978.5345639906,961,24,1.0909090909,543.6303133281
70.132.7.28,99.86.235.148,84,980.106317796,962,15,0.6818181818,544.5035098867
65.9.146.95,74.221.135.78,154,980.4082270328,963,20,0.9090909091,544.6712372404
13.224.254.180,52.84.191.137,330,981.7473078731,964,31,1.4090909091,545.4151710406
130.137.178.220,206.198.131.171,187,982.0449389315,965,22,1,545.5805216286
45.136.242.68,99.86.188.233,93,982.7140473591,966,16,0.7272727273,545.9522485328
54.230.100.75,3.5.247.240,330,983.3553745628,967,31,1.4090909091,546.3085414238
130.176.254.133,185.187.119.198,53,983.4754686064,968,13,0.5909090909,546.3752603369
144.220.14.99,161.199.67.245,68,983.8678161463,969,14,0.6363636364,546.5932311924
13.225.112.198,93.157.185.50,4487,987.0279272878,970,290,13.1818181818,548.3488484932
87.236.67.63,137.83.196.241,187,987.7893776491,971,22,1,548.7718764717
65.9.143.16,23.251.239.78,119,988.1407969941,972,17,0.7727272727,548.9671094412
52.219.160.203,91.241.7.93,81,988.3340517636,973,15,0.6818181818,549.074473202
99.86.203.252,52.92.165.126,2793,991.4190445462,974,185,8.4090909091,550.7883580812
65.110.52.114,15.221.10.130,100,991.8028522041,975,16,0.7272727273,551.0015845578
70.132.37.4,65.9.9.32,63,992.2840562822,976,14,0.6363636364,551.2689201568
64.252.147.42,82.192.108.237,4042,992.444674321,977,263,11.9545454545,551.3581524006
54.239.67.176,164.153.131.59,1764,994.8996796251,978,120,5.4545454545,552.7220442362
54.240.192.93,168.100.67.240,57,995.1505404394,979,14,0.6363636364,552.8614113552
194.11.230.157,185.68.58.235,673,998.402544843,980,52,2.3636363636,554.6680804683
13.32.141.5,54.239.14.190,57,999.005546678,981,14,0.6363636364,555.0030814878
70.132.23.199,52.84.150.185,62,999.6299140852,982,14,0.6363636364,555.3499522696
185.53.16.237,52.95.161.168,51,1000.3799128242,983,13,0.5909090909,555.7666182357
54.230.252.108,143.204.153.205,61,1001.816490267,984,14,0.6363636364,556.564716815
13.225.153.150,54.192.13.186,2080,1002.9525266741,985,140,6.3636363636,557.1958481523
13.227.228.155,179.0.17.161,138,1003.0515440223,986,19,0.8636363636,557.2508577902
13.32.66.78,64.252.83.198,3372,1004.7481534031,987,221,10.0454545455,558.1934185573
79.143.156.182,3.5.227.41,67,1004.7929230464,988,14,0.6363636364,558.2182905813
15.158.69.242,13.225.183.239,1450,1008.0173221058,989,101,4.5909090909,560.0096233921
54.192.124.60,52.95.228.144,61,1009.7643035929,990,14,0.6363636364,560.9801686627
144.220.15.98,13.35.202.97,54,1011.5122067313,991,13,0.5909090909,561.9512259618
13.33.14.217,13.225.66.175,11824,1012.5698974753,992,749,34.0454545455,562.5388319307
216.198.18.172,23.251.241.220,59,1014.6144333181,993,14,0.6363636364,563.6746851767
71.152.63.19,209.94.75.57,164,1014.6304853108,994,20,0.9090909091,563.6836029504
52.222.145.37,64.252.185.10,138,1015.6308021844,995,19,0.8636363636,564.2393345469
54.231.82.213,65.8.86.228,443,1016.3908585058,996,38,1.7272727273,564.6615880588
144.220.20.150,15.193.10.148,239,1017.1784612359,997,25,1.1363636364,565.0991451311
15.222.15.239,13.224.252.26,2080,1018.864683481,998,140,6.3636363636,566.0359352672
13.225.254.101,13.32.168.53,70,1019.1375230906,999,14,0.6363636364,566.1875128281
